Cboe data is compiled for the convenience of site visitors and is furnished without responsibility for accuracy and is accepted by the site visitor on the condition that transmission or omissions shall not be made the basis for any claim demand or cause for action.  Your use of Cboe data is subject to the Terms and Conditions of Cboe Websites.,,,,
Date,Open,High,Low,Close
6/1/2010,40.3,41,39.14,41
6/2/2010,40.46,40.85,38.09,38.11
6/3/2010,37.77,37.78,35.53,35.79
6/4/2010,37.39,39.76,36.85,39.23
6/7/2010,39.87,41.56,39.85,41.37
6/8/2010,41.3,43.32,40.97,41.07
6/9/2010,40.71,41.37,39.23,41.17
6/10/2010,40.32,40.32,38.02,38.18
6/11/2010,39.11,39.11,36.5,36.5
6/14/2010,36.8,37.87,36.76,37.83
6/15/2010,37.5,37.5,35,35.98
6/16/2010,36.18,36.21,34.59,34.76
6/17/2010,34.52,35.39,33.8,33.8
6/18/2010,33.37,33.69,32.42,32.54
6/21/2010,33.01,34.58,32.48,34.16
6/22/2010,34.18,34.74,32.97,34.66
6/23/2010,34.94,35.97,34.66,35.4
6/24/2010,35.61,37.03,35.34,36.88
6/25/2010,36.61,37.08,35.36,35.45
6/28/2010,36.58,36.69,33.75,33.91
6/29/2010,35.34,39.59,35.34,39.17
6/30/2010,39.3,39.53,37.9,39.47
7/1/2010,39.85,42.81,39.53,41.62
7/2/2010,42.06,42.36,40.08,40.7
7/6/2010,40.66,40.66,38.59,39.63
7/7/2010,39.35,39.9,36.45,36.46
7/8/2010,36.1,36.85,35.7,35.8
7/9/2010,34.62,36.43,34.49,35.18
7/12/2010,34.97,35.49,34.64,34.81
7/13/2010,36.4,36.44,33.68,35.52
7/14/2010,35.79,37.32,35.72,36.45
7/15/2010,36.35,37.8,36.02,36.53
7/16/2010,33.02,33.02,30.66,30.99
7/19/2010,31.77,32.87,30.84,31.2
7/20/2010,31.48,31.49,28.16,28.19
7/21/2010,27.81,28.89,27.17,28.57
7/22/2010,27.79,27.79,25.97,26.76
7/23/2010,27.13,27.56,25.72,25.76
7/26/2010,26.94,27.18,26.04,26.09
7/27/2010,25.56,26.64,25.52,26.37
7/28/2010,26.34,29.3,26.34,27.7
7/29/2010,27.51,28.49,27.07,27.51
7/30/2010,28.55,28.6,27.64,27.67
8/2/2010,28.1,28.17,27.01,27.07
8/3/2010,27.13,27.63,26.67,26.82
8/4/2010,26.66,26.66,25.45,25.76
8/5/2010,26.04,26.6,25.75,25.96
8/6/2010,26.19,27.92,26.16,26.41
8/9/2010,27,27,25.89,25.9
8/10/2010,26.58,27.47,26.45,26.56
8/11/2010,27.62,28.91,27.62,28.71
8/12/2010,29.67,29.67,28.58,28.8
8/13/2010,29.4,29.67,28.67,29.12
8/16/2010,30.05,30.29,28.79,29.08
8/17/2010,28.75,29.2,27.85,27.93
8/18/2010,28.1,29.1,26.75,27.16
8/19/2010,27.46,29.93,27.46,29.92
8/20/2010,30.11,30.85,29.92,30.78
8/23/2010,32.83,32.83,31.56,31.75
8/24/2010,33.3,34.67,33.26,34.24
8/25/2010,34.6,35.39,33.22,33.38
8/26/2010,33.29,33.93,33.29,33.69
8/27/2010,33.7,34.36,32.15,32.15
8/30/2010,33.76,33.9,32.9,33.01
8/31/2010,33.52,33.78,32.86,32.91
9/1/2010,32.5,32.57,30.81,30.95
9/2/2010,30.88,31.25,30.71,30.77
9/3/2010,30.01,30.14,29.03,29.03
9/7/2010,31.47,31.76,31.19,31.56
9/8/2010,31.67,31.67,30.49,30.49
9/9/2010,29.95,31.28,29.95,31
9/10/2010,31.21,31.38,30.5,30.57
9/13/2010,31.76,31.79,30.87,30.94
9/14/2010,31.33,31.33,30.14,30.46
9/15/2010,30.7,30.78,30.12,30.19
9/16/2010,30.28,30.36,29.26,29.29
9/17/2010,29.16,30.39,28.57,30.28
9/20/2010,30.64,30.96,30.01,30.22
9/21/2010,30.4,32.01,30.4,31.15
9/22/2010,31.27,31.95,31.18,31.18
9/23/2010,31.56,31.88,30.67,30.67
9/24/2010,30.33,32.77,30.29,31.65
9/27/2010,32.2,33.36,32.2,32.27
9/28/2010,32.35,33.24,31.56,31.62
9/29/2010,31.64,31.88,31.16,31.18
9/30/2010,31.09,31.51,30.82,31.19
10/1/2010,31.22,31.57,31.09,31.24
10/4/2010,32.24,33.14,31.95,32.03
10/5/2010,31.8,31.91,31.05,31.05
10/6/2010,30.92,32.03,30.88,31.62
10/7/2010,31.55,31.55,30.7,30.72
10/8/2010,30.48,30.61,29.4,29.49
10/11/2010,29.8,30.4,29.76,29.96
10/12/2010,30.11,30.69,30.03,30.18
10/13/2010,30.36,30.64,29.36,29.43
10/14/2010,29.67,33,29.46,32.61
10/15/2010,27.4,27.54,25.7,27.03
10/18/2010,27.34,30.34,27.34,29.09
10/19/2010,29.11,29.11,26.84,27.3
10/20/2010,27.43,27.67,26.21,26.22
10/21/2010,26.45,26.76,25.91,25.91
10/22/2010,26.13,26.26,25.16,25.28
10/25/2010,26.27,27.42,26.17,27.22
10/26/2010,27.4,27.4,26.11,26.15
10/27/2010,26.54,27.58,26.54,26.92
10/28/2010,26.99,27.6,26.51,26.56
10/29/2010,26.79,26.8,26.17,26.19
11/1/2010,27.16,27.47,26.84,26.84
11/2/2010,26.84,26.84,26.15,26.28
11/3/2010,26.29,26.47,25.61,25.62
11/4/2010,25.38,25.38,23.72,23.73
11/5/2010,23.9,24.05,23.01,23.12
11/8/2010,23.99,24.04,22.91,22.91
11/9/2010,23.06,23.31,22.26,22.31
11/10/2010,22.5,24.53,22.12,22.14
11/11/2010,22.76,23.1,22.38,22.42
11/12/2010,22.75,25.57,22.28,25.56
11/15/2010,28.73,30.18,25.36,25.78
11/16/2010,26.4,27.97,26.25,27.36
11/17/2010,27.49,27.64,26.58,26.87
11/18/2010,26.62,26.67,24.85,24.91
11/19/2010,25.24,25.83,24.85,25.21
11/22/2010,26.97,27.19,26.37,26.84
11/23/2010,27.76,30.42,27.75,29.65
11/24/2010,29.38,29.44,27.43,27.49
11/26/2010,29.2,29.2,28.56,28.56
11/29/2010,30.13,31.31,30.13,31.1
11/30/2010,32.49,34.52,32.49,34.45
12/1/2010,33.72,33.72,30.72,31.21
12/2/2010,31.17,31.25,29.01,29.06
12/3/2010,29.36,29.51,28.36,28.66
12/6/2010,29.24,29.48,28.01,28.27
12/7/2010,27.73,28.65,27.35,28.26
12/8/2010,28.29,28.39,27.84,27.86
12/9/2010,27.88,28.5,27.42,28.02
12/10/2010,28.15,28.27,27.4,28.19
12/13/2010,29.62,29.71,28.59,28.72
12/14/2010,28.84,29.87,28.75,29.14
12/15/2010,29.17,30.06,28.99,29.97
12/16/2010,29.92,30.01,28.48,29.27
12/17/2010,29.39,29.53,28.25,28.28
12/20/2010,28.99,29.2,27.04,27.73
12/21/2010,27.63,28.59,27.18,28.29
12/22/2010,28.09,28.28,27.6,27.66
12/23/2010,27.67,27.83,27.4,27.55
12/27/2010,28.88,29.23,28.69,29.16
12/28/2010,29.14,29.74,29.14,29.65
12/29/2010,29.55,29.7,29.2,29.49
12/30/2010,29.55,30.32,29.54,30.27
12/31/2010,30.55,32.22,30.55,32.13
1/3/2011,32.29,32.29,30.75,31.24
1/4/2011,31.21,31.47,31.04,31.19
1/5/2011,31.43,32.18,30.83,30.85
1/6/2011,30.76,30.95,30.3,30.38
1/7/2011,30.35,30.47,29.46,29.61
1/10/2011,30.36,30.93,30.36,30.92
1/11/2011,30.86,31.22,30.53,30.54
1/12/2011,30.48,30.49,29.77,29.79
1/13/2011,29.72,30.02,29.52,29.67
1/14/2011,29.59,29.6,29.15,29.17
1/18/2011,29.94,31.88,29.87,31.04
1/19/2011,31.05,33.51,31.05,32.58
1/20/2011,32.66,34.43,32.47,33.81
1/21/2011,25.64,26.37,23.56,26.37
1/24/2011,27.39,27.48,24.37,24.69
1/25/2011,24.96,24.97,23.23,23.46
1/26/2011,23.24,23.69,22.57,22.93
1/27/2011,22.92,23.05,22.05,22.28
1/28/2011,22.21,26.38,21.91,26.27
1/31/2011,27.15,27.15,25.42,25.45
2/1/2011,25.14,25.14,22.76,23.12
2/2/2011,23.18,23.42,22.51,22.83
2/3/2011,23.25,23.25,22.67,22.88
2/4/2011,23.05,23.28,22.71,22.82
2/7/2011,23.64,23.77,21.96,22.08
2/8/2011,22.01,22.04,20.78,20.83
2/9/2011,20.92,21.84,19.02,20.93
2/10/2011,20.94,21.65,20.43,21.25
2/11/2011,21.33,21.35,20.21,20.93
2/14/2011,21.17,21.69,20.76,20.78
2/15/2011,20.66,21.18,19.65,20.71
2/16/2011,20.78,21.2,20.43,20.53
2/17/2011,20.67,21.02,20.47,20.63
2/18/2011,20.82,21.05,20.05,20.27
2/22/2011,22.49,26.34,22.31,26.17
2/23/2011,26.14,27.96,25.68,25.7
2/24/2011,27,29.93,26.31,26.31
2/25/2011,26.11,26.11,24.56,25.41
2/28/2011,26.73,26.8,25.18,25.54
3/1/2011,25.19,28.1,25.18,28.01
3/2/2011,28.29,28.69,27.47,27.48
3/3/2011,26.81,26.81,25.29,25.66
3/4/2011,26.02,27.75,25.97,27.49
3/7/2011,28.57,30.51,28.42,29.89
3/8/2011,29.88,30,28.17,28.5
3/9/2011,28.84,29.63,28.76,28.87
3/10/2011,29.74,30.27,29.21,29.98
3/11/2011,30.46,30.51,29.48,29.59
3/14/2011,31.38,32.03,30.83,31.17
3/15/2011,32.86,33.64,30.99,31.71
3/16/2011,31.89,37.13,31.84,36.01
3/17/2011,34.32,34.37,32.04,32.63
3/18/2011,31.52,31.54,29.16,31.2
3/21/2011,30.38,30.38,28.15,28.36
3/22/2011,28.23,28.23,26.93,27.12
3/23/2011,27.74,28.3,26.94,27.26
3/24/2011,26.98,28.13,26.84,27.21
3/25/2011,27.18,27.51,26.61,27.05
3/28/2011,27.68,27.72,27.17,27.58
3/29/2011,27.64,28.22,27.44,27.47
3/30/2011,27.47,27.56,26.98,27.2
3/31/2011,27.31,28.54,27.31,28.04
4/1/2011,27.73,28.2,27.4,28.18
4/4/2011,28.78,30.6,28.47,29.67
4/5/2011,30.21,31.92,30.21,31.57
4/6/2011,31.46,31.56,30.36,30.36
4/7/2011,30.41,30.96,30.21,30.58
4/8/2011,30.42,30.77,30.38,30.66
4/11/2011,30.86,31.39,30.55,31.22
4/12/2011,31.61,32.07,31.06,31.31
4/13/2011,31.17,31.47,30.08,31.25
4/14/2011,31.59,32.22,30.91,31.16
4/15/2011,25.53,25.66,22.07,23.71
4/18/2011,24.63,26.86,23.17,23.2
4/19/2011,22.89,23.49,21.53,22.01
4/20/2011,21.59,21.67,20.28,20.31
4/21/2011,20.64,21.85,20.47,20.47
4/25/2011,21.97,21.99,21.06,21.35
4/26/2011,21.34,21.36,20.05,20.94
4/27/2011,20.95,21.7,20.75,20.75
4/28/2011,20.87,21.16,20.84,21.02
4/29/2011,20.78,20.85,19.54,19.94
5/2/2011,20.67,21.37,20.67,20.96
5/3/2011,21.04,22.42,20.89,22.12
5/4/2011,22.17,22.66,21.92,22.09
5/5/2011,22.32,23.27,22.09,23.1
5/6/2011,22.6,22.6,21.11,21.99
5/9/2011,22.95,23.34,21.88,21.88
5/10/2011,21.72,21.93,20.56,20.68
5/11/2011,21.07,21.91,20.66,21.55
5/12/2011,21.64,22.18,21,21.37
5/13/2011,21.59,21.7,21.25,21.39
5/16/2011,22.25,23.64,21.22,23.47
5/17/2011,23.94,23.96,22.33,22.75
5/18/2011,22.98,23.7,21.4,21.57
5/19/2011,21.69,21.87,21.05,21.61
5/20/2011,21.86,22.17,20.92,22.11
5/23/2011,23.97,24.55,23.89,23.96
5/24/2011,24.14,24.25,23.3,24.21
5/25/2011,24.87,24.87,23.7,23.87
5/26/2011,24.37,24.42,23.47,23.76
5/27/2011,24.01,24.29,22.79,22.8
5/31/2011,24.12,24.12,23.28,23.31
6/1/2011,23.49,25.24,23.36,25.24
6/2/2011,25.62,25.97,25.07,25.87
6/3/2011,26.79,26.96,26.26,26.37
6/6/2011,27.71,28.23,27.54,28.14
6/7/2011,28.27,28.44,27.87,28.11
6/8/2011,28.4,28.55,28,28.3
6/9/2011,28.67,28.68,27.64,27.8
6/10/2011,28.26,28.98,28.17,28.7
6/13/2011,30.24,30.85,29.84,29.94
6/14/2011,29.4,29.4,28.46,28.61
6/15/2011,28.92,30.12,28.79,29.9
6/16/2011,29.75,32.28,29.46,31.36
6/17/2011,30.69,33.72,30.69,33.68
6/20/2011,34.82,34.92,32.63,32.66
6/21/2011,32.26,32.27,29.88,30.9
6/22/2011,31.03,31.13,30.1,30.55
6/23/2011,31.26,32.62,31.26,31.8
6/24/2011,31.87,32.53,31.71,31.91
6/27/2011,32.53,32.53,30.24,30.86
6/28/2011,30.71,30.92,30.07,30.79
6/29/2011,30.41,30.56,29.46,30.12
6/30/2011,29.63,29.97,29.32,29.32
7/1/2011,29.25,29.28,28.07,28.63
7/5/2011,29,30.49,28.97,29.68
7/6/2011,29.59,31.78,29.04,30.07
7/7/2011,29.87,31.04,29.87,30.57
7/8/2011,31.32,32.02,30.38,31.33
7/11/2011,32.53,32.64,31.11,32.37
7/12/2011,32.27,33.03,31.47,32.94
7/13/2011,32.63,33.37,32.51,32.64
7/14/2011,32.85,33.57,31.82,32.92
7/15/2011,26.37,26.64,23.65,24
7/18/2011,24.96,26.29,24.96,25.32
7/19/2011,24.97,25.03,23.15,23.37
7/20/2011,23.44,23.62,20.94,22.33
7/21/2011,22.15,22.2,20.77,21.78
7/22/2011,22.01,23.68,21.56,22.58
7/25/2011,24,24.96,23.54,24.54
7/26/2011,24.74,26.91,24.69,24.78
7/27/2011,25.19,26.84,24.83,26.76
7/28/2011,26.91,27.48,26.56,26.72
7/29/2011,27.28,28.42,27.25,28.3
8/1/2011,27.62,29.46,27.23,28.75
8/2/2011,28.59,30.05,27.67,29.59
8/3/2011,29.31,30.34,27.99,28
8/4/2011,28.7,34.9,28.7,34.87
8/5/2011,33.6,40.82,32.65,35.41
8/8/2011,39.1,45.56,38.04,45.44
8/9/2011,42.4,45.61,37.99,37.99
8/10/2011,39.87,44.37,39.25,44.37
8/11/2011,44.11,44.53,39.96,40.41
8/12/2011,38.74,39.35,37.01,37.19
8/15/2011,38.98,39.1,35.46,35.46
8/16/2011,36.39,37.84,35.12,36.56
8/17/2011,36.15,36.69,34.67,35.61
8/18/2011,38.89,47.18,38.68,46.32
8/19/2011,47.69,48.48,44.57,48.48
8/22/2011,44.8,46.25,43.22,45.28
8/23/2011,43.96,44.43,39.87,40.04
8/24/2011,40.05,41.29,38.15,40.02
8/25/2011,40.5,45.06,38.14,44.81
8/26/2011,45.37,48.24,40.48,40.64
8/29/2011,40.73,40.73,37.48,37.49
8/30/2011,37.69,38.27,37.1,37.82
8/31/2011,36.99,37.62,36.17,37.28
9/1/2011,37.09,38.82,37,37.36
9/2/2011,38.23,38.81,37.64,37.75
9/6/2011,41.9,42.2,40.35,40.77
9/7/2011,39.9,40.12,38.12,38.42
9/8/2011,38.57,38.94,37.83,38.63
9/9/2011,39.17,41.85,39.12,41.3
9/12/2011,45.11,45.12,42.65,42.68
9/13/2011,42.46,43.77,41.42,41.44
9/14/2011,41.09,41.75,39.1,40.13
9/15/2011,39.52,39.79,38.54,39
9/16/2011,38.65,38.65,37.29,37.87
9/19/2011,40.04,40.46,39.24,40.22
9/20/2011,40.05,40.64,39.55,40.27
9/21/2011,40.06,42.47,39.8,41.96
9/22/2011,44.33,47.88,43.84,47.02
9/23/2011,47.5,47.54,45.81,45.94
9/26/2011,46.74,48.73,45.32,45.32
9/27/2011,44.37,44.39,42.45,43.19
9/28/2011,42.86,44.34,42.13,44.29
9/29/2011,43.23,49.65,42.97,48.13
9/30/2011,48.87,49.81,47.84,49.81
10/3/2011,51.44,56.68,51.38,55.6
10/4/2011,56.2,57.69,51.75,51.75
10/5/2011,52.11,54.06,50.85,51.79
10/6/2011,51.34,51.92,48.01,48.01
10/7/2011,47.82,48.08,46.81,47.45
10/10/2011,46.69,46.99,46,46.17
10/11/2011,46.34,47,45.68,45.75
10/12/2011,45.24,45.24,43.21,43.56
10/13/2011,43.28,45.13,43.28,44
10/14/2011,32.49,32.49,29.71,30.32
10/17/2011,31.78,32.5,31.18,32.47
10/18/2011,32.52,33.56,31.07,31.79
10/19/2011,32.04,33.56,31.35,33.31
10/20/2011,33.26,35.17,32.7,34.1
10/21/2011,33.24,33.27,31.41,31.86
10/24/2011,32.92,33.11,29.88,29.88
10/25/2011,30.36,31.65,30.29,31.64
10/26/2011,31.04,33.06,30.61,31.73
10/27/2011,29.31,29.43,28.12,28.61
10/28/2011,28.93,28.93,27.74,27.83
10/31/2011,29.43,29.69,28.76,29.31
11/1/2011,32.66,33.75,31.71,33.39
11/2/2011,32.65,32.65,31.13,31.27
11/3/2011,31.04,31.22,28.65,28.72
11/4/2011,28.82,29.85,28.2,29.09
11/7/2011,30.45,30.45,28.28,28.8
11/8/2011,28.4,28.91,27.4,27.49
11/9/2011,28.83,32.81,28.83,32.5
11/10/2011,31.37,34.13,30.88,32.39
11/11/2011,31.22,31.4,28.96,29.33
11/14/2011,29.76,30.23,29.02,29.76
11/15/2011,30.18,30.39,28.59,28.72
11/16/2011,29.33,29.72,27.78,28.44
11/17/2011,28.74,33.82,28.74,33.3
11/18/2011,33.23,33.23,30.33,31.5
11/21/2011,34.81,36.3,33.37,33.83
11/22/2011,34.25,34.62,32.75,32.78
11/23/2011,33.67,34.9,33.36,34.4
11/25/2011,35.88,36.04,33.33,33.33
11/28/2011,35.22,35.53,33.86,33.9
11/29/2011,34.24,34.6,33.46,33.82
11/30/2011,32.15,32.54,31.47,31.47
12/1/2011,31.49,32.24,30.94,31.27
12/2/2011,30.77,30.85,30.14,30.39
12/5/2011,31.06,31.4,30.64,30.67
12/6/2011,31.18,31.8,30.75,31.09
12/7/2011,31.51,32.36,31.22,31.28
12/8/2011,31.68,33.36,31.29,33.32
12/9/2011,32.76,32.76,30.08,30.14
12/12/2011,32.21,32.21,31.3,31.35
12/13/2011,31.15,31.26,30.2,31.14
12/14/2011,31.61,32.98,31.46,32.12
12/15/2011,31.79,31.89,31,31.01
12/16/2011,30.61,30.73,29.94,30.04
12/19/2011,31.04,31.72,30.65,30.7
12/20/2011,30.29,30.63,29.54,29.79
12/21/2011,29.59,30.97,29.43,30.55
12/22/2011,30.6,31.35,30.24,31.16
12/23/2011,31.06,31.1,30.54,30.56
12/27/2011,31.76,32.14,31.45,31.79
12/28/2011,31.88,32.28,31.63,32.2
12/29/2011,32.25,32.59,32.07,32.09
12/30/2011,32.11,32.82,32,32.71
1/3/2012,33.32,33.56,33.01,33.24
1/4/2012,33.53,33.63,32.17,32.17
1/5/2012,32.51,32.72,32.1,32.31
1/6/2012,32.42,33.36,32.07,32.07
1/9/2012,32.87,35.02,32.85,34.29
1/10/2012,34.55,35.96,34.32,34.49
1/11/2012,34.66,34.66,33.05,33.06
1/12/2012,32.78,33.07,32.6,32.6
1/13/2012,32.93,33.15,32.37,32.37
1/17/2012,32.77,33.45,32.37,33.43
1/18/2012,33.49,35.65,33.47,34.6
1/19/2012,34.35,35.41,33.14,33.25
1/20/2012,26.79,26.81,22.94,23.41
1/23/2012,24.25,24.25,22.1,22.13
1/24/2012,22.28,22.3,21.6,22.07
1/25/2012,22.09,22.78,21.87,22.73
1/26/2012,22.74,23.06,21.86,22.88
1/27/2012,22.92,23.9,22.89,23.19
1/30/2012,24.32,24.73,24.2,24.47
1/31/2012,24.15,24.46,23.86,24.24
2/1/2012,23.89,24.82,23.33,23.38
2/2/2012,23.34,23.45,22.75,22.85
2/3/2012,22.57,22.57,21.36,21.76
2/6/2012,22.68,23.06,21.65,21.66
2/7/2012,21.76,22.18,21.46,21.56
2/8/2012,21.42,21.75,20.87,21.02
2/9/2012,20.88,22.87,20.82,22.64
2/10/2012,22.98,25.1,22.98,24.67
2/13/2012,24.68,24.68,23.23,23.26
2/14/2012,23.56,24.65,23.29,24.24
2/15/2012,24.39,26.25,24.33,25.78
2/16/2012,26.61,27.01,24.78,25.22
2/17/2012,26.12,26.2,24.68,24.86
2/21/2012,26.63,26.63,25.18,25.18
2/22/2012,25.39,25.68,25.03,25.38
2/23/2012,26.46,27.1,26.13,26.3
2/24/2012,26.53,26.68,25.29,26.62
2/27/2012,28.29,28.48,27.16,27.71
2/28/2012,28.18,28.3,27.65,27.72
2/29/2012,27.97,28.28,27.13,27.28
3/1/2012,27.12,27.34,26.32,26.92
3/2/2012,27.28,27.41,26.91,27.17
3/5/2012,28.64,28.9,27.97,28.68
3/6/2012,29.57,31.58,29.5,30.91
3/7/2012,30.93,31.32,30.39,30.69
3/8/2012,30.41,30.53,30.16,30.45
3/9/2012,30.34,30.38,29.64,29.86
3/12/2012,32.75,32.9,31.45,31.45
3/13/2012,30.97,31.05,30.23,30.23
3/14/2012,30.08,31.24,30.06,31.05
3/15/2012,31.18,31.57,31.03,31.03
3/16/2012,31.2,31.86,31.13,31.63
3/19/2012,32.51,32.78,31.68,31.74
3/20/2012,31.83,31.93,31.28,31.31
3/21/2012,31.25,32.43,31.19,31.78
3/22/2012,31.92,32.94,31.7,32
3/23/2012,32.03,32.2,31.64,31.86
3/26/2012,32.51,32.58,31.73,31.76
3/27/2012,31.84,32.13,31.56,31.56
3/28/2012,31.67,33.5,31.67,33.18
3/29/2012,33.37,33.76,33.35,33.4
3/30/2012,33.44,33.47,32.79,32.95
4/2/2012,33.63,33.99,33.43,33.58
4/3/2012,33.49,34.21,33.42,33.95
4/4/2012,33.95,34.45,33.83,33.89
4/5/2012,33.91,34.08,33.55,33.98
4/9/2012,34.62,35.73,34.59,35.09
4/10/2012,35.17,37.01,35.17,36.77
4/11/2012,36.1,36.25,34.72,35.41
4/12/2012,35.13,35.13,33.31,34.1
4/13/2012,23.18,26.05,22.64,25.44
4/16/2012,26.49,27.56,25.91,26.21
4/17/2012,26.17,26.51,24.93,25.21
4/18/2012,25.53,25.56,24.62,24.74
4/19/2012,25.12,25.82,23.97,25.82
4/20/2012,25.51,25.92,24.69,24.69
4/23/2012,26.01,26.69,25.91,26.01
4/24/2012,25.82,26.24,25.25,25.72
4/25/2012,25.5,25.54,23.69,23.76
4/26/2012,23.78,24.19,23.13,23.13
4/27/2012,23.34,23.36,22.2,22.39
4/30/2012,23.19,24.27,23.12,23.55
5/1/2012,23.75,24.04,22.83,22.83
5/2/2012,22.99,23.74,22.68,23.04
5/3/2012,22.96,23.49,22.47,23.38
5/4/2012,23.54,25.53,23.18,25.49
5/7/2012,26.51,26.79,25.1,25.29
5/8/2012,25.49,28.15,25.44,25.8
5/9/2012,26.35,27.42,26.1,26.26
5/10/2012,25.94,25.94,24.96,25.37
5/11/2012,25.74,25.76,24.45,25.21
5/14/2012,26.19,27.72,26.18,27.57
5/15/2012,27.5,27.68,25.5,26.81
5/16/2012,26.54,29.46,26.34,28.62
5/17/2012,28.47,32.41,28.37,31.43
5/18/2012,31.14,33.86,30.28,33.71
5/21/2012,33.81,34.14,29.06,29.2
5/22/2012,29.52,31.29,28.84,31.06
5/23/2012,31.34,33.28,29.39,29.39
5/24/2012,30.54,32.72,30.44,32.17
5/25/2012,32.66,34.68,32.6,33.59
5/29/2012,35.05,35.05,33.18,33.37
5/30/2012,34.64,35.25,34.34,34.62
5/31/2012,34.62,36.91,34.6,35.63
6/1/2012,37.12,37.48,36.34,36.98
6/4/2012,38.4,38.4,36.32,36.32
6/5/2012,37.09,37.09,35.61,35.62
6/6/2012,34.97,34.99,32.98,33.22
6/7/2012,32.75,33.21,31.68,32.66
6/8/2012,33.18,33.36,31.72,31.72
6/11/2012,33.99,35.49,33.91,35.32
6/12/2012,35.36,37.18,35.36,35.95
6/13/2012,36.26,36.76,35.04,35.86
6/14/2012,36.3,36.42,35.2,35.2
6/15/2012,35.45,35.61,33.7,33.7
6/18/2012,34.26,34.28,33.44,33.64
6/19/2012,33.07,33.08,31.62,31.72
6/20/2012,31.81,31.82,29.78,30.91
6/21/2012,30.61,32.4,30.52,32.02
6/22/2012,31.58,31.58,30.99,31.07
6/25/2012,32.02,32.54,31.91,31.91
6/26/2012,31.82,32.49,31.73,32.2
6/27/2012,31.99,33,31.95,32.69
6/28/2012,33.02,34.53,32.64,33.6
6/29/2012,32.84,33.15,32.09,32.1
7/2/2012,32.73,33.46,32.66,32.67
7/3/2012,32.68,32.75,31.9,32.49
7/5/2012,32.02,33.04,31.95,33.04
7/6/2012,33.12,34.38,32.93,34.38
7/9/2012,34.83,34.99,34.47,34.67
7/10/2012,34.43,35.35,34.33,35.19
7/11/2012,35.85,37.39,35.68,36.74
7/12/2012,37.07,37.44,36.67,36.79
7/13/2012,36.42,36.7,34.82,34.9
7/16/2012,35.38,35.84,35.14,35.41
7/17/2012,35.05,35.41,33.04,33.17
7/18/2012,33.11,33.15,31.27,32.5
7/19/2012,31.94,32.55,29.47,29.6
7/20/2012,22.22,22.61,20.84,21.26
7/23/2012,23.97,24.58,22.07,23.15
7/24/2012,23.34,23.84,23,23.37
7/25/2012,23.2,24.01,23.06,23.92
7/26/2012,23.54,23.65,22.85,22.93
7/27/2012,22.5,23.28,22.01,22.67
7/30/2012,23.37,24.57,23.22,24.12
7/31/2012,24.31,24.32,23.53,23.63
8/1/2012,23.53,24.07,23.06,23.95
8/2/2012,24.22,24.78,23.66,24.07
8/3/2012,23.38,23.49,22.39,22.4
8/6/2012,23.11,23.2,22.54,22.8
8/7/2012,22.72,23.12,22.33,22.33
8/8/2012,22.35,22.36,21.72,21.76
8/9/2012,21.52,21.84,21.38,21.39
8/10/2012,21.42,21.42,19.84,19.91
8/13/2012,17.97,19.83,17.97,19.02
8/14/2012,19.25,21.09,19.17,20.6
8/15/2012,21.45,21.81,20.73,20.82
8/16/2012,19.39,19.48,18.66,18.86
8/17/2012,18.32,18.46,16.95,17.23
8/20/2012,19.48,19.73,18.88,19.7
8/21/2012,20.11,22.01,20.09,21.85
8/22/2012,22.35,22.8,21.69,22.5
8/23/2012,23.1,23.25,22.6,22.96
8/24/2012,23.35,23.59,22.84,22.91
8/27/2012,25.75,26.38,24.91,24.95
8/28/2012,25.45,26.07,25.31,25.42
8/29/2012,25.62,26.48,25.31,25.62
8/30/2012,26.04,26.33,25.79,26.31
8/31/2012,26.33,27,25.72,26.71
9/4/2012,29,29.42,28.74,28.84
9/5/2012,29.11,29.17,28.48,28.48
9/6/2012,28.22,28.34,27.54,27.55
9/7/2012,27.65,28.14,27.34,27.71
9/10/2012,29.11,29.88,28.59,28.86
9/11/2012,29.2,29.5,29.07,29.36
9/12/2012,29.82,30.29,29.45,29.54
9/13/2012,29.64,29.86,28.7,28.9
9/14/2012,28.96,29.08,28.43,28.52
9/17/2012,30.12,30.67,29.9,29.98
9/18/2012,30.03,30.48,29.18,29.33
9/19/2012,29.28,29.78,29.27,29.58
9/20/2012,29.53,29.64,29.13,29.26
9/21/2012,29.01,29.18,28.26,28.68
9/24/2012,29.14,30.4,28.99,29.64
9/25/2012,29.58,31.03,29.58,30.47
9/26/2012,30.44,33.33,30.44,32.36
9/27/2012,31.93,32.9,31.46,31.97
9/28/2012,32.02,32.58,31.65,32.35
10/1/2012,32.57,32.82,32.01,32.08
10/2/2012,31.92,32.14,30.93,30.98
10/3/2012,30.97,31.13,30.74,30.81
10/4/2012,30.62,31.22,30.09,30.15
10/5/2012,30.3,31.03,30.19,30.67
10/8/2012,31.45,31.56,30.72,31.14
10/9/2012,31.21,32.95,31.21,32.44
10/10/2012,32.5,32.92,31.85,31.86
10/11/2012,31.52,32.04,31.43,31.66
10/12/2012,31.78,32.19,31.23,31.83
10/15/2012,32.56,33.02,31.53,31.6
10/16/2012,31.75,32.05,29.9,30.59
10/17/2012,30.47,31.15,29.51,30.16
10/18/2012,29.56,30.44,22.69,24.81
10/19/2012,23.82,28.47,23.57,26.48
10/22/2012,27.14,28.3,24.41,24.41
10/23/2012,25.09,26.2,24.1,24.34
10/24/2012,24.19,24.91,23.87,23.87
10/25/2012,23.63,23.94,22.97,23.48
10/26/2012,23.45,23.73,22.74,23.23
10/31/2012,23.61,23.95,22.76,22.85
11/1/2012,22.82,22.9,21.14,21.8
11/2/2012,21.61,22.57,21.59,22.52
11/5/2012,23.64,24.46,23.43,23.97
11/6/2012,24.07,24.11,23.09,23.4
11/7/2012,23.29,24.84,23.16,23.89
11/8/2012,23.67,24.9,23.65,24.44
11/9/2012,24.55,25.1,24.16,24.66
11/12/2012,22.36,23.11,20.86,20.94
11/13/2012,21.3,21.7,20.04,20.34
11/14/2012,20.44,21.84,19.79,21.84
11/15/2012,22.06,22.83,21.79,22.36
11/16/2012,22.74,24.5,22.74,23.13
11/19/2012,23.43,23.43,22.13,22.5
11/20/2012,22.65,22.99,22.1,22.37
11/21/2012,22.65,22.76,22.11,22.27
11/23/2012,22.79,22.87,19.15,22.27
11/26/2012,22.55,23.67,22.44,22.89
11/27/2012,23.14,23.43,22.83,23.21
11/28/2012,23.66,24.28,23.45,24.18
11/29/2012,24.34,25.14,24.34,24.6
11/30/2012,24.87,26.07,24.74,24.79
12/3/2012,25.49,25.75,24.65,24.65
12/4/2012,25.46,26.19,25.38,25.94
12/5/2012,26.06,26.64,25.88,25.96
12/6/2012,26.09,27.29,25.97,26.74
12/7/2012,26.55,26.85,26.47,26.51
12/10/2012,27.47,27.57,26.95,27.12
12/11/2012,27,27.07,26.42,26.71
12/12/2012,26.31,26.86,26.26,26.76
12/13/2012,26.3,27.57,26.3,27.33
12/14/2012,27.28,27.67,27.28,27.65
12/17/2012,28.76,28.88,28.26,28.26
12/18/2012,28.49,28.54,27,27
12/19/2012,27.54,28.84,27.23,28.67
12/20/2012,28.39,29.06,28.34,28.57
12/21/2012,28.8,29.2,28.42,28.47
12/24/2012,29.47,29.87,27.39,27.41
12/26/2012,30.3,30.45,29.25,29.29
12/27/2012,29.34,30.41,29.11,29.18
12/28/2012,29.62,30.56,29.49,30.56
12/31/2012,31.69,31.69,30.3,30.39
1/2/2013,28.83,29.28,27.6,27.6
1/3/2013,26.06,27.72,25.88,27.37
1/4/2013,27.53,28.87,26.69,27.13
1/7/2013,28.57,28.77,27.87,28.06
1/8/2013,28.23,30.47,28.23,29.07
1/9/2013,29.28,29.47,29.12,29.43
1/10/2013,29.65,29.87,29.38,29.43
1/11/2013,29.78,29.99,29.44,29.49
1/14/2013,31.52,31.91,30.89,30.89
1/15/2013,31.04,32.63,30.54,30.86
1/16/2013,30.93,31.81,30.91,30.97
1/17/2013,30.92,32.06,29.79,31.23
1/18/2013,31.21,31.51,30.36,31.2
1/22/2013,31.69,31.77,29,29.31
1/23/2013,18.33,19.57,18.29,18.56
1/24/2013,18.59,18.81,18.09,18.66
1/25/2013,18.64,19.79,17.98,18.19
1/28/2013,18.89,18.94,18.39,18.79
1/29/2013,19.13,19.84,18.62,18.8
1/30/2013,18.85,19.23,18.56,18.85
1/31/2013,18.85,18.89,17.88,18.53
2/1/2013,18.07,19.64,18.04,19.49
2/4/2013,21.5,21.5,19.97,21.01
2/5/2013,20.77,20.78,19.89,20.18
2/6/2013,20.77,21.8,18.71,21.24
2/7/2013,20.9,22.49,20.67,21.23
2/8/2013,20.62,21.23,20.53,20.69
2/11/2013,21.22,21.42,20.78,20.8
2/12/2013,21.59,21.71,20.6,20.6
2/13/2013,20.93,21,19.79,19.81
2/14/2013,20.26,20.39,19.78,20.34
2/15/2013,20.45,20.57,19.99,20.38
2/19/2013,21.99,22.69,21.79,22.16
2/20/2013,22.4,23.23,22.39,23.02
2/21/2013,23.06,24.29,23.06,24.02
2/22/2013,23.87,24.1,23.19,23.22
2/25/2013,24.07,25.59,23.5,25.59
2/26/2013,25.56,25.97,25.01,25.16
2/27/2013,25.25,25.27,24.29,24.36
2/28/2013,24.41,24.75,24.21,24.67
3/1/2013,25.07,25.48,24.91,25.12
3/4/2013,26.28,26.82,25.93,25.98
3/5/2013,25.95,26.89,25.66,25.66
3/6/2013,25.77,26.33,25.48,25.62
3/7/2013,25.8,25.8,25.31,25.54
3/8/2013,25.69,26.32,25.68,25.78
3/11/2013,28.25,28.67,26.21,26.49
3/12/2013,26.73,26.89,25.81,25.83
3/13/2013,25.96,26.4,25.59,25.93
3/14/2013,25.9,26.09,25.58,25.65
3/15/2013,25.57,25.89,24.96,25.28
3/18/2013,25.76,26.69,25.61,26.64
3/19/2013,26.4,27.58,26.29,27.08
3/20/2013,26.8,27.31,26.43,27
3/21/2013,27.28,27.61,26.8,27.14
3/22/2013,27.12,27.12,26.51,26.73
3/25/2013,27.11,27.6,26.72,27.32
3/26/2013,27.22,27.22,26.82,26.97
3/27/2013,27.23,27.4,26.54,26.54
3/28/2013,26.4,27.4,25.23,27.06
4/1/2013,28.07,28.1,27.18,27.18
4/2/2013,26.68,27.79,26.63,27.71
4/3/2013,27.68,29.01,27.66,27.99
4/4/2013,28.02,28.93,28.01,28.28
4/5/2013,28.79,29.07,28.51,29
4/8/2013,29.43,29.87,29.34,29.34
4/9/2013,29.39,29.49,28.52,28.54
4/10/2013,28.32,28.44,27.84,27.84
4/11/2013,27.79,27.96,27.51,27.53
4/12/2013,27.52,27.98,26.88,27.77
4/15/2013,28.57,29.09,28.04,28.84
4/16/2013,27.67,28.18,27.39,27.41
4/17/2013,27.75,28.11,27.08,27.1
4/18/2013,27.08,27.79,26.63,26.82
4/19/2013,19.89,21.77,19.01,21.77
4/22/2013,21.63,22.66,20.48,20.57
4/23/2013,20.5,22.36,19.73,20.07
4/24/2013,19.9,20.02,19.25,19.3
4/25/2013,19.3,20.14,18.22,18.62
4/26/2013,18.97,18.97,18.04,18.5
4/29/2013,19.29,19.84,17.97,19.08
4/30/2013,19.14,19.36,18.76,18.82
5/1/2013,19.14,19.18,18.62,18.77
5/2/2013,18.64,19.59,18.56,19.26
5/3/2013,18.24,19.6,18.24,19.6
5/6/2013,19.96,21.27,19.68,21.16
5/7/2013,21.29,21.65,21.16,21.18
5/8/2013,21.11,21.89,20.95,21.51
5/9/2013,21.7,21.8,21.24,21.47
5/10/2013,21.6,22.18,21.36,21.61
5/13/2013,19.83,20.56,19.7,19.82
5/14/2013,19.93,20.03,18.82,18.94
5/15/2013,18.76,20.61,18.75,19.92
5/16/2013,20.68,24.77,20.56,23.29
5/17/2013,23.5,23.63,21.29,21.49
5/20/2013,22.98,23.27,22.63,22.9
5/21/2013,23.22,23.27,21.08,21.22
5/22/2013,21.88,22.09,21.16,21.79
5/23/2013,22.22,23.28,21.58,22.88
5/24/2013,22.57,22.62,20.95,21.13
5/28/2013,22.46,23.46,22.46,23.39
5/29/2013,23.77,24.39,22.96,24.02
5/30/2013,24.12,24.51,23.79,23.93
5/31/2013,24.21,24.55,23.91,24.2
6/3/2013,25.87,26.65,25.68,25.78
6/4/2013,26.12,26.29,25.39,26
6/5/2013,26.05,27.17,26.05,26.86
6/6/2013,26.93,27.81,26.5,27.15
6/7/2013,26.91,27.14,25.57,25.61
6/10/2013,26.62,27.09,26.44,26.46
6/11/2013,27.07,27.63,27.03,27.58
6/12/2013,27.75,28.03,26.86,27.63
6/13/2013,27.85,28.11,27.34,27.46
6/14/2013,27.37,27.65,27.21,27.39
6/17/2013,28.82,28.82,26.9,26.9
6/18/2013,26.82,27.23,26.71,26.76
6/19/2013,26.93,27.37,26.44,26.98
6/20/2013,27.43,28.89,26.97,28.8
6/21/2013,27.51,29.44,27.51,28.35
6/24/2013,29.37,29.84,28.31,29.54
6/25/2013,29.13,29.78,28.83,29.63
6/26/2013,29.37,29.38,28.49,28.58
6/27/2013,28.06,28.52,28,28.42
6/28/2013,28.71,28.75,27.77,27.95
7/1/2013,27.76,27.93,27.05,27.43
7/2/2013,27.45,27.5,26.79,27.15
7/3/2013,27.42,27.64,27.19,27.29
7/5/2013,27.22,27.66,27.05,27.25
7/8/2013,27.28,27.96,27.28,27.95
7/9/2013,27.7,28.21,27.19,27.19
7/10/2013,27.38,27.67,26.93,27.67
7/11/2013,27.78,27.92,26.8,26.98
7/12/2013,27.06,27.21,26.64,27.18
7/15/2013,27.46,28.17,27.07,27.07
7/16/2013,26.93,27.15,26.21,26.21
7/17/2013,26.09,26.42,25.73,25.75
7/18/2013,25.76,25.95,24.43,25.12
7/19/2013,20.54,20.76,18.54,19.11
7/22/2013,19.54,19.68,17.54,17.54
7/23/2013,17.56,17.63,16.75,16.97
7/24/2013,17.03,17.28,16.88,16.88
7/25/2013,17.09,18.19,16.96,18.18
7/26/2013,18.32,18.42,17.58,18.24
7/29/2013,18.96,19.29,18.69,19.1
7/30/2013,19.06,19.76,18.92,19.17
7/31/2013,19.33,19.44,18.46,19.17
8/1/2013,18.86,19.19,18.46,18.79
8/2/2013,18.79,18.93,18.35,18.35
8/5/2013,19.05,19.28,18.48,18.48
8/6/2013,18.59,18.96,18.1,18.74
8/7/2013,18.93,19.26,18.48,18.97
8/8/2013,18.86,19.37,18.53,18.67
8/9/2013,18.73,18.82,18.49,18.55
8/12/2013,16.23,16.36,15.84,16.01
8/13/2013,16.4,16.57,15.86,16.05
8/14/2013,16.36,17.88,16.3,17.8
8/15/2013,18.42,21.88,17.34,20.3
8/16/2013,20.62,20.86,19.99,20.32
8/19/2013,21.73,21.89,20.86,20.92
8/20/2013,21.04,21.2,20.08,20.2
8/21/2013,20.42,21.17,20.42,20.94
8/22/2013,21.17,21.63,19.04,20.35
8/23/2013,20.54,20.93,20.1,20.19
8/26/2013,21.57,22.08,21.42,22.08
8/27/2013,22.83,24.68,22.62,24.64
8/28/2013,24.79,25.36,24.35,24.95
8/29/2013,25.22,25.24,24.1,24.1
8/30/2013,24.31,24.47,23.96,24.46
9/3/2013,26,26.11,24.51,24.81
9/4/2013,25.11,25.19,24.19,24.21
9/5/2013,24.49,24.58,23.97,24.03
9/6/2013,24.02,24.34,23.68,23.69
9/9/2013,24.77,24.8,23.95,24.1
9/10/2013,23.86,24.46,23.86,24.08
9/11/2013,24.21,24.8,24.21,24.53
9/12/2013,24.82,25.05,24.4,24.46
9/13/2013,24.53,24.55,23.99,23.99
9/16/2013,24.96,25.3,23.99,24.67
9/17/2013,24.82,25.24,24.54,25.12
9/18/2013,25.24,25.24,24.52,24.79
9/19/2013,24.79,25.1,24.38,24.44
9/20/2013,24.49,24.59,23.97,23.99
9/23/2013,24.67,25.93,24.11,25.84
9/24/2013,25.92,26.09,25.51,25.68
9/25/2013,25.69,25.93,25.65,25.68
9/26/2013,25.57,25.83,25.35,25.4
9/27/2013,25.51,25.51,25.26,25.33
9/30/2013,25.82,26.6,25.81,26.3
10/1/2013,26.26,26.45,25.82,25.85
10/2/2013,26.05,26.08,25.62,25.71
10/3/2013,25.82,26.9,25.82,26.76
10/4/2013,26.85,26.95,26.52,26.79
10/7/2013,27.52,28.08,27.52,28.04
10/8/2013,28.15,29.16,27.67,28.95
10/9/2013,28.95,29.9,28.94,29.51
10/10/2013,29.3,29.42,27.97,27.97
10/11/2013,28.06,28.15,26.53,26.55
10/14/2013,27.18,27.2,25.88,25.92
10/15/2013,25.93,25.98,24.41,24.69
10/16/2013,24.62,24.65,23.62,23.63
10/17/2013,23.61,23.71,22.67,22.8
10/18/2013,18.47,21.96,18.32,21.23
10/21/2013,21.84,22.6,21.84,22.12
10/22/2013,21.95,22.05,21.08,21.21
10/23/2013,21.29,23.23,20.83,23.04
10/24/2013,23.18,23.71,21.82,21.82
10/25/2013,21.87,21.95,20.43,20.59
10/28/2013,21.27,22.09,20.9,21.32
10/29/2013,21.22,21.37,20.39,20.48
10/30/2013,20.71,20.88,19.57,19.73
10/31/2013,19.89,20.06,19.44,19.46
11/1/2013,19.43,19.52,18.36,18.4
11/4/2013,18.89,18.95,17.5,17.62
11/5/2013,17.9,18.53,17.9,18.17
11/6/2013,18.14,18.61,18.11,18.11
11/7/2013,18.05,18.87,17.99,18.55
11/8/2013,18.64,19.22,17.79,17.8
11/11/2013,16.84,17.43,15.87,15.95
11/12/2013,15.97,16.6,15.1,15.79
11/13/2013,15.96,17.11,15.15,16.6
11/14/2013,16.73,17.01,15.77,15.96
11/15/2013,16.06,17.66,15.49,16.62
11/18/2013,17.34,18.5,17.23,18.09
11/19/2013,18.22,18.4,17.77,18.17
11/20/2013,18.26,18.37,17.58,17.8
11/21/2013,17.92,17.95,17.07,17.93
11/22/2013,17.95,18.31,17.87,17.9
11/25/2013,18.71,19.16,18,18.85
11/26/2013,18.89,19.18,18.51,18.6
11/27/2013,18.68,19.05,18.35,18.35
11/29/2013,18.78,19.44,18.52,18.79
12/2/2013,19.51,19.96,19.19,19.55
12/3/2013,19.6,19.92,19.41,19.67
12/4/2013,20.01,20.6,19.37,20.3
12/5/2013,20.59,21.39,19.92,21.39
12/6/2013,21.59,21.59,20.69,20.79
12/9/2013,21.71,21.9,20.07,20.22
12/10/2013,20.16,20.32,19.1,19.32
12/11/2013,19.74,19.93,19.31,19.87
12/12/2013,19.59,20.39,19.59,19.81
12/13/2013,19.94,20.63,19.75,20.46
12/16/2013,20.52,21.08,20.29,20.85
12/17/2013,21.45,21.45,20.49,20.96
12/18/2013,21.24,22.25,20.46,20.96
12/19/2013,21.21,21.21,20.2,20.37
12/20/2013,20.63,20.94,19.77,20.06
12/23/2013,21.2,21.32,20.4,20.4
12/24/2013,20.89,20.89,19.87,19.92
12/26/2013,20.44,20.67,20.22,20.3
12/27/2013,20.66,20.88,18.88,20.13
12/30/2013,21.32,21.32,20.53,20.62
12/31/2013,20.82,21.7,20.58,21.34
1/2/2014,22.29,22.32,22.06,22.11
1/3/2014,22.33,22.59,22.26,22.44
1/6/2014,23.36,23.53,23.22,23.47
1/7/2014,23.86,24.16,23.6,24.04
1/8/2014,24.21,24.51,23.94,23.95
1/9/2014,24.19,24.49,24.15,24.37
1/10/2014,24.58,24.84,24,24.29
1/13/2014,27.02,27.2,26.24,27.15
1/14/2014,26.72,27.57,26.39,27.32
1/15/2014,27.52,27.91,26.89,26.99
1/16/2014,27.05,27.9,27.04,27.74
1/17/2014,27.82,28.68,27.6,28.57
1/21/2014,29.82,29.82,28.66,28.8
1/22/2014,28.72,28.97,28.51,28.79
1/23/2014,29.26,29.46,28.65,29.29
1/24/2014,29.46,33.04,29.33,32.99
1/27/2014,33.83,37.3,32.9,35.8
1/28/2014,35.83,35.88,34.06,34.08
1/29/2014,34.71,35.34,34.09,35.14
1/30/2014,33.44,35.14,32.83,34.26
1/31/2014,24.43,24.82,21.38,21.38
2/3/2014,21.55,26.96,21.06,26.62
2/4/2014,27,27.14,24.74,25
2/5/2014,24.57,25.72,24.47,25.64
2/6/2014,25.63,25.63,23.82,23.82
2/7/2014,23.26,23.52,21.13,21.5
2/10/2014,21.99,22.42,21.61,21.96
2/11/2014,21.89,22.03,21.36,21.4
2/12/2014,21.43,21.48,20.76,21.13
2/13/2014,21.57,21.79,20.38,20.43
2/14/2014,20.14,21.21,19.55,20.01
2/18/2014,20.67,20.95,19.94,19.99
2/19/2014,20.03,20.23,19.71,20.13
2/20/2014,20.22,20.36,19.44,20.11
2/21/2014,20.2,20.25,19.42,19.73
2/24/2014,21.24,21.25,20.4,20.54
2/25/2014,20.76,20.93,20.53,20.69
2/26/2014,20.83,21.19,20.5,21.19
2/27/2014,21.51,21.7,21.08,21.7
2/28/2014,21.88,21.88,20.49,20.84
3/3/2014,22.69,23.45,21.98,22.92
3/4/2014,22.7,22.7,21.72,21.79
3/5/2014,22.06,22.47,21.73,21.79
3/6/2014,22.03,22.5,21.49,21.99
3/7/2014,21.91,22.29,21.8,21.97
3/10/2014,23.33,23.42,22.96,23.05
3/11/2014,23.18,23.68,22.85,23.68
3/12/2014,23.51,24.68,23.51,23.78
3/13/2014,23.39,25.84,23.37,25.8
3/14/2014,25.79,26.98,25.58,26.94
3/17/2014,27.27,27.55,26,26.14
3/18/2014,26.23,26.32,25.29,25.84
3/19/2014,25.3,26.35,25.28,26.04
3/20/2014,25.55,26.05,25.34,25.59
3/21/2014,25.6,26.67,25.6,26.42
3/24/2014,27.66,30.34,27.41,29.83
3/25/2014,29.78,31.5,29.13,30.75
3/26/2014,30.37,31.64,29.92,31.64
3/27/2014,31.3,33.9,31.27,32.29
3/28/2014,31.85,32.18,30.9,30.92
3/31/2014,32.84,34.07,32.65,32.67
4/1/2014,32.34,32.88,31.73,31.94
4/2/2014,31.81,31.93,31.42,31.45
4/3/2014,29.73,31.45,26.71,28.92
4/4/2014,29.75,35.64,29.04,35.64
4/7/2014,35.95,37.62,35.41,36.19
4/8/2014,36.83,36.89,34.57,34.68
4/9/2014,33.67,35.28,33.65,35
4/10/2014,34.75,39.66,34.51,38.23
4/11/2014,37.84,39.5,37.84,39.41
4/14/2014,39.33,39.36,37.08,37.12
4/15/2014,36.49,37.53,35.16,35.47
4/16/2014,35.99,35.99,32.41,35.25
4/17/2014,24.86,25.6,23.59,23.59
4/21/2014,25.07,25.11,24.57,24.62
4/22/2014,24.53,24.54,23.05,23.11
4/23/2014,23.25,23.35,22.89,23.18
4/24/2014,23.1,24.16,23.09,23.49
4/25/2014,23.55,24.51,23.44,24.25
4/28/2014,25.06,26.09,24.61,24.87
4/29/2014,24.76,24.83,22.82,22.82
4/30/2014,22.78,22.96,22.32,22.36
5/1/2014,22.31,22.71,21.65,21.65
5/2/2014,21.41,21.91,20.86,20.89
5/5/2014,21.91,22.01,20.83,20.87
5/6/2014,21.08,21.33,20.91,21.33
5/7/2014,21.46,22.7,21.42,22.27
5/8/2014,22.36,22.51,21.5,21.7
5/9/2014,21.76,22.12,20.58,20.69
5/12/2014,17.26,17.42,15.74,15.75
5/13/2014,16.07,16.24,15.08,15.3
5/14/2014,15.99,17.1,15.27,17.1
5/15/2014,17.63,18.06,17.23,17.74
5/16/2014,18.09,18.54,17.7,17.77
5/19/2014,19.55,19.55,18.29,18.29
5/20/2014,18.67,19.05,18.26,18.66
5/21/2014,18.87,19.11,18.17,18.18
5/22/2014,18.24,18.5,18.13,18.23
5/23/2014,18.38,18.68,18.07,18.2
5/27/2014,19.96,20.33,19.92,20.22
5/28/2014,20.58,20.8,20.48,20.69
5/29/2014,20.79,20.98,20.77,20.77
5/30/2014,21.06,21.19,20.88,20.91
6/2/2014,22.28,25.14,22.27,23.64
6/3/2014,24.05,24.51,23.97,24
6/4/2014,24.3,24.64,24.22,24.61
6/5/2014,24.81,25.03,23.44,24.61
6/6/2014,24.84,25.37,24.52,24.94
6/9/2014,26.34,26.49,25.44,25.45
6/10/2014,25.87,25.92,25.41,25.56
6/11/2014,25.92,26.33,25.76,26.33
6/12/2014,26.52,26.9,26.16,26.71
6/13/2014,27.14,27.35,26.97,27.1
6/16/2014,28.92,29.51,28.85,29.03
6/17/2014,29.16,29.26,28.53,28.79
6/18/2014,28.75,29.01,28.04,28.07
6/19/2014,28.16,28.34,28.05,28.13
6/20/2014,27.76,27.79,27,27.32
6/23/2014,27.86,28.32,27.76,27.9
6/24/2014,27.85,28.18,27.42,27.92
6/25/2014,27.98,27.99,27.03,27.16
6/26/2014,26.96,27.55,26.94,27.23
6/27/2014,26.97,27.14,26.18,26.31
6/30/2014,26.7,26.85,26.08,26.23
7/1/2014,26.92,27,25.78,25.82
7/2/2014,25.85,26.19,25.79,26.13
7/3/2014,25.93,26.21,25.77,25.77
7/7/2014,26.36,26.48,25.88,26.05
7/8/2014,26.33,27.8,26.33,27.36
7/9/2014,27.38,27.39,26.77,26.78
7/10/2014,28.03,28.44,26.5,26.51
7/11/2014,26.33,26.45,25.96,26.07
7/14/2014,26.3,26.52,25.63,26.15
7/15/2014,26.01,26.94,26.01,26.72
7/16/2014,26.41,26.98,26.29,26.91
7/17/2014,26.76,27.63,26.75,26.99
7/18/2014,20.03,20.03,18.38,18.41
7/21/2014,19.32,19.76,18.7,18.73
7/22/2014,18.48,19.39,18.11,19.02
7/23/2014,18.98,19.36,18.65,18.67
7/24/2014,18.62,18.95,18.41,18.45
7/25/2014,18.51,18.67,18.05,18.05
7/28/2014,18.76,19.04,18.15,18.16
7/29/2014,18.2,18.87,18.2,18.56
7/30/2014,18.57,18.69,18.19,18.29
7/31/2014,18.79,21.7,18.67,21.65
8/1/2014,21.62,22.77,21.12,22.7
8/4/2014,22.94,23.03,21.06,21.09
8/5/2014,21.43,22.67,21.43,22.32
8/6/2014,22.63,22.81,22.27,22.42
8/7/2014,21.87,23.47,21.87,23.29
8/8/2014,23.33,23.48,21.88,21.91
8/11/2014,19.52,19.84,18.96,19.04
8/12/2014,19.76,19.84,18.45,18.46
8/13/2014,18.47,18.47,17.1,17.24
8/14/2014,17.33,17.67,16.93,16.96
8/15/2014,17.13,17.4,16.11,16.89
8/18/2014,18.43,18.46,17.17,17.3
8/19/2014,17.38,17.45,16.99,17
8/20/2014,17.62,17.69,17.22,17.58
8/21/2014,17.84,18.12,17.69,17.7
8/22/2014,17.97,18.43,17.78,17.81
8/25/2014,19,19.1,18.68,18.85
8/26/2014,19.21,19.35,19.01,19.11
8/27/2014,19.29,19.78,19.29,19.78
8/28/2014,20.26,20.62,19.92,20.38
8/29/2014,20.5,20.93,20.48,20.87
9/2/2014,22.6,22.6,21.99,22
9/3/2014,22.21,22.37,22.03,22.33
9/4/2014,22.61,22.63,21.87,21.87
9/5/2014,21.96,22.36,21.93,22.26
9/8/2014,23.41,23.57,23.31,23.32
9/9/2014,23.75,24.18,23.45,24.17
9/10/2014,24.5,24.8,23.92,24.02
9/11/2014,24.27,24.27,23.9,23.91
9/12/2014,24.05,24.25,23.87,24.12
9/15/2014,25.53,26.29,25.43,26.09
9/16/2014,26.25,26.31,25.5,25.51
9/17/2014,25.65,25.75,25.04,25.09
9/18/2014,25.04,25.04,24.08,24.14
9/19/2014,24.13,24.15,23.05,23.05
9/22/2014,23.64,24.19,23.54,23.85
9/23/2014,24.05,24.51,23.84,24.51
9/24/2014,24.32,24.93,24.07,24.92
9/25/2014,24.8,26.23,24.8,26.14
9/26/2014,26.14,26.44,25.95,26
9/29/2014,26.96,27.22,26.31,26.32
9/30/2014,26.18,26.4,26.18,26.22
10/1/2014,26.23,27.1,26.22,26.82
10/2/2014,27.55,28.02,27.25,27.33
10/3/2014,27.23,27.28,26.41,26.47
10/6/2014,26.72,27.32,26.72,27.17
10/7/2014,27.5,29.85,27.43,29.85
10/8/2014,30.07,30.75,27.82,27.89
10/9/2014,28.1,30.73,28,30.43
10/10/2014,31.1,34.66,30.45,34.31
10/13/2014,35.64,38.6,34.45,38.6
10/14/2014,38.4,38.92,34.28,36.12
10/15/2014,39.59,41.59,39.27,39.44
10/16/2014,42.26,45.44,40.22,40.4
10/17/2014,28.62,29.87,27.68,27.74
10/20/2014,28.15,28.49,24.56,24.64
10/21/2014,23.92,24.73,23.44,23.44
10/22/2014,22.89,23.84,21.89,23.76
10/23/2014,22.85,23.1,21.68,21.9
10/24/2014,22,22.85,21.68,21.73
10/27/2014,22.5,22.65,22.03,22.32
10/28/2014,21.99,22.22,20.65,20.69
10/29/2014,20.32,21.62,20.01,21.26
10/30/2014,21.57,21.91,19.54,19.85
10/31/2014,19.26,19.79,18.97,19.1
11/3/2014,20.09,20.62,20.07,20.46
11/4/2014,20.66,20.95,20.37,20.37
11/5/2014,20.14,21.39,20.11,21.06
11/6/2014,21.15,21.49,21.07,21.42
11/7/2014,20.92,21.44,20.78,20.78
11/10/2014,21.16,21.31,19.21,19.38
11/11/2014,19.21,19.55,18.72,18.74
11/12/2014,18.71,19.42,18.41,19.2
11/13/2014,19.16,20.26,19.14,20.02
11/14/2014,19.94,20.34,19.52,19.57
11/17/2014,20.21,21.08,20.17,20.41
11/18/2014,20.5,20.75,20.07,20.64
11/19/2014,20.73,21.27,20.32,20.39
11/20/2014,20.77,20.82,20.21,20.24
11/21/2014,19.57,19.81,18.54,19.17
11/24/2014,20.14,20.35,18.96,18.99
11/25/2014,19.03,19.07,18.62,18.73
11/26/2014,18.77,19.17,18.6,18.67
11/28/2014,19.18,19.23,18.81,18.93
12/1/2014,19.74,20.83,19.71,20.1
12/2/2014,20.14,20.5,19.62,19.63
12/3/2014,19.73,20.01,19.5,19.75
12/4/2014,19.89,20.78,19.89,20.45
12/5/2014,20.65,20.85,20.42,20.75
12/8/2014,21.44,22.22,21.03,22.03
12/9/2014,23.16,23.88,21.39,21.55
12/10/2014,21.68,23.72,21.55,23.7
12/11/2014,24.02,24.24,22.66,23.43
12/12/2014,23.58,25.75,23.09,25.75
12/15/2014,25.37,28.25,25.37,28.07
12/16/2014,28.79,32.33,28.79,32.33
12/17/2014,31.7,32.11,29.64,29.82
12/18/2014,28.77,28.77,27.07,27.53
12/19/2014,27.21,27.75,25.39,25.51
12/22/2014,26.54,26.54,24.91,25.01
12/23/2014,24.8,24.95,24.04,24.14
12/24/2014,24.21,24.66,24.21,24.53
12/26/2014,25.42,25.73,24.73,24.76
12/29/2014,25.97,26.29,25.76,25.79
12/30/2014,26.13,26.33,25.52,25.55
12/31/2014,25.48,26.34,25.43,26.23
1/2/2015,25.68,27.48,25.57,26.7
1/5/2015,28.02,28.76,27.98,28.19
1/6/2015,28.17,29.67,28.17,29.2
1/7/2015,29.22,29.62,28.92,28.93
1/8/2015,29.15,29.3,28.2,28.24
1/9/2015,28.12,28.67,28.03,28.07
1/12/2015,30.84,31.4,30.18,30.24
1/13/2015,30.16,30.37,28.79,29.47
1/14/2015,29.77,30.33,28.82,29.76
1/15/2015,29.71,29.98,29.47,29.74
1/16/2015,29.96,29.97,28.19,28.19
1/20/2015,27.95,28.44,27.32,27.42
1/21/2015,27.47,27.74,26.21,26.3
1/22/2015,26.03,26.41,24.88,25.55
1/23/2015,25.23,25.41,24.26,24.6
1/26/2015,25.06,26.04,25.04,25.67
1/27/2015,26.67,28.16,26.65,27.97
1/28/2015,27.56,29.29,27.29,29.08
1/29/2015,29.13,29.49,28.25,28.75
1/30/2015,22.65,22.65,19.69,21.51
2/2/2015,22.51,24.14,22.21,22.37
2/3/2015,22.11,23.09,21.75,21.75
2/4/2015,21.71,21.86,21.24,21.71
2/5/2015,21.49,21.8,20.21,20.31
2/6/2015,20.01,20.32,19.46,20.06
2/9/2015,20.98,21.12,20.27,20.6
2/10/2015,20.24,20.31,18.99,19.59
2/11/2015,19.72,20.73,19.69,20.51
2/12/2015,20.08,20.27,19.21,19.35
2/13/2015,19.24,19.5,17.46,17.46
2/17/2015,18.26,18.66,18.24,18.37
2/18/2015,18.54,19.47,18.51,19.33
2/19/2015,19.59,19.59,18.9,18.91
2/20/2015,19.05,20.22,19,19.12
2/23/2015,20.62,20.67,19.92,20
2/24/2015,20.38,20.45,19.72,19.75
2/25/2015,19.84,19.88,19.2,19.64
2/26/2015,19.9,20.77,19.41,20.56
2/27/2015,20.79,20.93,20.03,20.04
3/2/2015,20.98,22.18,20.86,22.14
3/3/2015,22.47,22.73,22.15,22.15
3/4/2015,22.42,23.52,22.42,22.65
3/5/2015,22.9,22.97,22.53,22.61
3/6/2015,22.93,23.81,22.75,23.23
3/9/2015,24.28,24.41,23.64,23.72
3/10/2015,24.27,25.01,24.25,24.96
3/11/2015,25.25,25.81,25.21,25.39
3/12/2015,25.47,25.53,24.61,24.64
3/13/2015,24.82,24.92,24.55,24.72
3/16/2015,25.71,26.03,25.07,25.08
3/17/2015,25.48,26.04,24.76,25.07
3/18/2015,25.2,26.24,24.62,25.18
3/19/2015,25.37,25.93,24.81,24.95
3/20/2015,24.35,25.64,23.37,23.91
3/23/2015,23.82,24.6,23.37,23.46
3/24/2015,23.5,24.62,23.13,23.15
3/25/2015,23.33,25.25,23.3,25.06
3/26/2015,25.12,27.36,25.12,25.45
3/27/2015,25.38,25.98,25.38,25.53
3/30/2015,26,27.22,25.48,25.48
3/31/2015,25.63,26.81,25.45,25.6
4/1/2015,25.72,26.39,25.67,25.68
4/2/2015,25.77,27.17,25.48,26.2
4/6/2015,26.06,26.53,25.17,25.31
4/7/2015,25.36,25.6,24.72,24.75
4/8/2015,24.97,24.98,24.47,24.56
4/9/2015,24.88,25.33,24.51,24.6
4/10/2015,24.85,25.25,24.14,24.16
4/13/2015,25.42,25.42,24.58,24.62
4/14/2015,24.85,26.15,24.69,25.79
4/15/2015,25.75,26.62,25.71,25.77
4/16/2015,25.83,26.64,25.63,26.01
4/17/2015,26.36,27.38,26.36,27.2
4/20/2015,27.55,27.79,24.65,24.83
4/21/2015,24.78,26.7,24.78,26.64
4/22/2015,26.73,27.34,26.09,26.7
4/23/2015,26.63,27.91,25.46,27.15
4/24/2015,19.53,20.15,17.69,19.74
4/27/2015,19.74,19.74,19.74,19.74
4/28/2015,20.29,20.33,19.72,19.83
4/29/2015,18.09,20.05,18.09,19.09
4/30/2015,19.4,21.77,19.27,21.71
5/1/2015,21.46,21.46,19.96,19.98
5/4/2015,20.42,20.94,19.9,20.05
5/5/2015,20.12,20.96,20.12,20.96
5/6/2015,21.05,22.02,21.05,21.31
5/7/2015,21.42,21.78,20.54,20.8
5/8/2015,20.46,20.46,18.74,18.88
5/11/2015,18.26,18.29,17.53,18.21
5/12/2015,18.79,20.25,18.76,20.21
5/13/2015,17.55,20.03,16.66,19.35
5/14/2015,19.16,19.22,18.16,18.37
5/15/2015,18.47,19.03,17.76,17.84
5/18/2015,19,19.11,17.21,17.33
5/19/2015,17.41,18.49,17.41,18.38
5/20/2015,18.54,19.1,18,18.18
5/21/2015,18.53,18.9,18,18.13
5/22/2015,18.35,18.82,17.75,17.9
5/26/2015,19.57,20.87,19.52,20.62
5/27/2015,20.72,20.81,19.51,19.51
5/28/2015,19.84,19.98,19.42,19.6
5/29/2015,19.89,19.89,19.29,19.32
6/1/2015,20.34,21.5,20.29,21
6/2/2015,21.33,22.15,20.69,20.69
6/3/2015,20.86,20.99,20.26,20.61
6/4/2015,20.9,21.79,20.56,21.67
6/5/2015,21.87,22.23,21.4,21.42
6/8/2015,22.46,22.53,22,22.32
6/9/2015,22.64,23.05,21.9,21.99
6/10/2015,22.11,22.4,20.91,20.92
6/11/2015,21.14,21.24,20.84,20.86
6/12/2015,21.2,21.2,20.75,20.75
6/15/2015,21.56,23.59,21.53,22.88
6/16/2015,23.02,23.42,22.52,22.58
6/17/2015,22.45,23.04,21.76,21.77
6/18/2015,21.84,21.84,20.9,21.13
6/19/2015,21.04,21.13,19.62,20.21
6/22/2015,20.93,21.11,19.97,20.28
6/23/2015,20.29,21.22,20.16,21.13
6/24/2015,21.34,21.99,21.34,21.58
6/25/2015,21.69,22.36,21.65,21.89
6/26/2015,21.87,22.08,21.6,22.02
6/29/2015,23.09,24.91,22.69,24.82
6/30/2015,24.5,24.69,23.87,24.34
7/1/2015,24.22,24.5,23.49,23.71
7/2/2015,23.67,23.67,22.05,22.68
7/6/2015,23.54,25.27,22.32,24.72
7/7/2015,24.68,25.75,24.5,24.56
7/8/2015,24.8,25.86,24.63,25.85
7/9/2015,25.58,25.68,25.1,25.26
7/10/2015,24.72,25.13,24.01,24.01
7/13/2015,24.29,24.81,22.99,23.36
7/14/2015,23.26,24.47,22.26,24.33
7/15/2015,24.49,24.6,23.18,23.25
7/16/2015,22.77,25.59,22.77,25.59
7/17/2015,15.46,16.32,14.48,14.48
7/20/2015,22.3,22.74,21.33,21.65
7/21/2015,21.91,23.04,21.69,22.52
7/22/2015,22.62,23.14,20.72,22.61
7/23/2015,22.82,25.02,22.68,25.02
7/24/2015,25.01,26.43,24.95,25.57
7/27/2015,26.55,26.62,24.4,24.73
7/28/2015,24.78,25.38,23.74,23.75
7/29/2015,23.81,23.83,21.72,21.95
7/30/2015,22.13,22.91,21.15,21.5
7/31/2015,21.32,21.69,20.73,20.82
8/3/2015,21.61,21.61,20.77,21.14
8/4/2015,21.45,21.71,20.93,21.43
8/5/2015,21.37,22.19,21.01,21.65
8/6/2015,21.75,23.86,21.75,22.95
8/7/2015,23.32,24.28,23.12,23.86
8/10/2015,24.49,24.49,23.47,23.9
8/11/2015,25.02,25.95,24.54,24.98
8/12/2015,25.66,28.23,25.66,26.27
8/13/2015,26.43,26.5,24.58,24.94
8/14/2015,25.14,25.14,23.59,23.64
8/17/2015,24.41,24.83,23.5,23.52
8/18/2015,23.65,24,23.51,23.62
8/19/2015,24.23,24.89,23.75,24.06
8/20/2015,25.29,27.14,24.64,27.09
8/21/2015,29.71,33,29.35,33
8/24/2015,47.87,49.69,36.28,43.02
8/25/2015,38.25,43.3,35.38,43.3
8/26/2015,39.26,40.72,35.7,36.14
8/27/2015,34.92,36.4,33.04,33.08
8/28/2015,33.38,34.06,32.63,33.5
8/31/2015,34.95,35.89,33.8,35.46
9/1/2015,38.66,40.81,36.94,40.42
9/2/2015,38.48,39.06,35.12,35.15
9/3/2015,34.53,35.96,33.75,35.59
9/4/2015,36.84,37.37,36.18,36.18
9/8/2015,35.83,36.52,35.13,35.26
9/9/2015,33.64,34.69,33.17,34.56
9/10/2015,34.32,34.77,32.75,33.44
9/11/2015,34.02,34.41,33.19,33.22
9/14/2015,33.79,34.61,33.33,34.12
9/15/2015,33.36,33.94,31.4,31.53
9/16/2015,32.15,32.15,30.22,30.26
9/17/2015,30.45,31.23,28.73,29.99
9/18/2015,31.15,31.15,29.71,30.7
9/21/2015,30.88,30.96,28.93,29.37
9/22/2015,31.05,34.15,31.05,32.91
9/23/2015,33.02,33.37,32.29,32.63
9/24/2015,33.47,35.31,32.87,35.09
9/25/2015,34.5,36.52,34.41,34.9
9/28/2015,36.22,40.97,35.79,38.17
9/29/2015,37.98,40.01,36.69,38.38
9/30/2015,37.25,37.66,35.92,36.09
10/1/2015,35.8,37.07,35.67,36.23
10/2/2015,36.6,37.14,34.77,34.98
10/5/2015,35.95,36.38,34.31,34.47
10/6/2015,32.98,35.63,32.98,35.42
10/7/2015,35.02,36.88,34.99,36.69
10/8/2015,36.04,37.28,35.82,36.47
10/9/2015,36.45,36.81,35.02,35.02
10/12/2015,40.36,40.67,38.21,38.22
10/13/2015,38.52,38.52,36.32,36.93
10/14/2015,36.7,36.82,35.43,35.73
10/15/2015,35.63,35.77,33.4,34.31
10/16/2015,33.69,36.44,33.53,34.46
10/19/2015,33.79,34.72,33.77,34.09
10/20/2015,33.56,36.08,33.56,35.69
10/21/2015,35.41,35.75,34.75,35.05
10/22/2015,34.19,36.26,32.22,32.66
10/23/2015,21.37,25.57,20.99,21.84
10/26/2015,22.32,22.57,20.94,21.04
10/27/2015,21.42,21.75,21.06,21.15
10/28/2015,21.31,22.29,20.28,20.74
10/29/2015,21.08,21.16,20.64,20.76
10/30/2015,20.96,21.17,20.72,20.79
11/2/2015,21.57,21.62,20.47,20.5
11/3/2015,20.64,20.93,20.5,20.56
11/4/2015,20.53,21.17,20.51,20.93
11/5/2015,20.9,21.53,20.81,20.94
11/6/2015,21.05,21.14,19.98,20.26
11/9/2015,21.14,21.69,19.9,20.95
11/10/2015,21,21.28,20.46,20.63
11/11/2015,20.23,20.77,20.12,20.47
11/12/2015,20.84,21.32,19.96,21.17
11/13/2015,21.46,22.79,20.97,22.65
11/16/2015,23.37,24.13,21.65,21.97
11/17/2015,21.61,22.56,21.52,22.11
11/18/2015,21.75,22.45,21.02,21.94
11/19/2015,21.65,21.99,20.75,20.82
11/20/2015,20.17,21.77,20.17,20.88
11/23/2015,20.96,21.61,19.72,19.8
11/24/2015,20.16,21.97,19.61,20.38
11/25/2015,20.39,21.06,19.37,19.76
11/27/2015,20.08,20.3,19.36,19.59
11/30/2015,20.64,21.78,18.22,18.22
12/1/2015,20.38,21.77,19.76,21.42
12/2/2015,20.95,22.04,20.66,21.23
12/3/2015,21.24,24.23,21.22,22.47
12/4/2015,22.29,22.42,20.03,20.04
12/7/2015,20.69,22.55,19.98,21.11
12/8/2015,21.35,23.96,21.35,21.88
12/9/2015,22.29,26.06,21.53,22.43
12/10/2015,23.47,24.95,22.82,23.16
12/11/2015,24.47,27.68,24.29,27.05
12/14/2015,26.86,28.83,25.18,25.28
12/15/2015,24.59,25.13,23.12,24.52
12/16/2015,23.49,25.27,21.14,22.21
12/17/2015,21.42,22.91,21.39,22.7
12/18/2015,23.65,25.97,21.86,25.15
12/21/2015,25.83,26.55,24.88,25.24
12/22/2015,24.62,25.72,22.89,22.89
12/23/2015,23.97,25.51,23.66,23.76
12/24/2015,23.61,24.59,23.57,24.27
12/28/2015,25.89,27.8,25.89,26.28
12/29/2015,26.24,27.16,26.1,26.98
12/30/2015,26.86,27.91,25.85,27.7
12/31/2015,28.08,28.9,27.64,28.56
1/4/2016,33.41,35.73,32.62,32.96
1/5/2016,32.82,34.15,32.46,32.92
1/6/2016,34,35.58,32.69,33.5
1/7/2016,35,38.12,34.19,36
1/8/2016,34.45,37.31,34.27,37.05
1/11/2016,40.01,41.93,38.13,38.45
1/12/2016,36.89,38.04,34.9,35.85
1/13/2016,35.51,40.37,35.3,40.2
1/14/2016,40.1,42.67,37.66,38.21
1/15/2016,40.75,44.89,39.36,40.44
1/19/2016,39.3,41.01,37.95,39.49
1/20/2016,40.62,45.59,40.23,41.87
1/21/2016,41.15,44.22,38.92,40.48
1/22/2016,38.7,39.92,37.9,38.1
1/25/2016,38.93,39.92,37.08,39.46
1/26/2016,39.31,40.62,37.58,37.63
1/27/2016,37.38,40.73,37.38,39.37
1/28/2016,39.54,40.95,37.9,38.05
1/29/2016,37.96,39.22,36.44,36.77
2/1/2016,37.66,39.89,37.66,38.81
2/2/2016,27.28,28.98,25.32,28.09
2/3/2016,27.71,32.58,27.04,30.36
2/4/2016,30.97,33.84,30.26,30.56
2/5/2016,30.67,35.87,30.43,35.53
2/8/2016,38.04,38.95,37.24,37.49
2/9/2016,38.37,39.01,36.34,38.13
2/10/2016,37.26,37.75,34.86,37.42
2/11/2016,39.39,40.34,37.92,38.22
2/12/2016,37.44,37.77,33.41,33.41
2/16/2016,34.05,34.43,31.44,31.53
2/17/2016,31,31.54,27.98,28.9
2/18/2016,28.48,30.08,28.4,29.69
2/19/2016,30.07,30.23,26.79,27.23
2/22/2016,27.49,27.57,25.42,26.67
2/23/2016,26.85,27.44,26.45,27.36
2/24/2016,28.43,29.35,27.3,27.39
2/25/2016,27.26,28.12,25.51,25.51
2/26/2016,25.67,25.91,24.84,25.45
2/29/2016,26.5,26.52,25.25,25.9
3/1/2016,25.96,26.19,22.56,22.56
3/2/2016,23.53,24.57,23.5,23.75
3/3/2016,23.87,24.85,23.79,24.26
3/4/2016,24.33,24.6,23.58,23.95
3/7/2016,25.23,28.21,24.92,27.14
3/8/2016,27.46,28.21,26.74,27.18
3/9/2016,27.09,27.68,26.34,26.5
3/10/2016,26.67,27.01,25.82,26.13
3/11/2016,25.98,26.09,24.54,24.63
3/14/2016,25.05,25.26,23.97,24.16
3/15/2016,24.4,24.76,24.12,24.19
3/16/2016,24.41,24.82,22.93,23.22
3/17/2016,23.12,24.02,22.59,23.91
3/18/2016,24.39,24.39,23.03,23.35
3/21/2016,23.85,24.37,22.62,22.62
3/22/2016,22.86,23.25,22.47,22.87
3/23/2016,23.14,24.02,22.76,23.73
3/24/2016,25.04,25.19,24.04,24.04
3/28/2016,24.44,25.5,24.44,24.91
3/29/2016,25.18,25.99,24.4,24.47
3/30/2016,24.76,24.96,23.36,23.93
3/31/2016,24.31,25.32,24.09,24.71
4/1/2016,25.46,25.54,23.87,24.43
4/4/2016,25.64,26.37,25.33,25.88
4/5/2016,26.48,27.1,26.1,26.85
4/6/2016,26.92,27.23,26.37,26.38
4/7/2016,27.06,27.96,26.72,27.5
4/8/2016,27.22,28.55,26.77,27.62
4/11/2016,28.69,30.01,28.62,29.83
4/12/2016,29.77,31.04,28.6,29.06
4/13/2016,28.97,30.92,28.55,29.26
4/14/2016,29.26,31.2,29.02,29.21
4/15/2016,29.49,30.61,28.72,28.88
4/18/2016,28.82,29.56,27.95,29.54
4/19/2016,29.47,31.81,29.47,30.27
4/20/2016,30.83,30.83,29.36,29.82
4/21/2016,29.59,32.03,29.59,30.46
4/22/2016,22.83,22.83,19.39,19.9
4/25/2016,20.82,20.96,19.24,19.84
4/26/2016,19.89,21.66,19.29,20.95
4/27/2016,21.2,22.83,20.99,20.99
4/28/2016,20.7,22.39,20.42,22.27
4/29/2016,22.19,23.96,21.92,22.12
5/2/2016,22.64,22.67,20.97,20.99
5/3/2016,21.37,22.63,21.37,21.96
5/4/2016,22.33,22.39,21.12,21.35
5/5/2016,21.58,22.12,21.12,21.53
5/6/2016,21.75,21.87,20.48,20.5
5/9/2016,20.94,21.2,20.22,20.46
5/10/2016,20.26,20.48,19.01,19.06
5/11/2016,18.84,20.11,18.6,19.5
5/12/2016,19.28,19.93,18.91,19.08
5/13/2016,19.21,19.42,18.83,19.28
5/16/2016,19.65,20.02,18.8,18.91
5/17/2016,19.3,20.35,18.72,20.21
5/18/2016,20.51,20.67,19.55,19.86
5/19/2016,20.37,20.73,19.95,20.15
5/20/2016,19.92,19.93,18.39,18.39
5/23/2016,19.39,19.49,18.37,18.57
5/24/2016,18.5,18.58,17.9,17.92
5/25/2016,18.01,18.39,17.85,17.97
5/26/2016,18.07,18.38,17.54,17.74
5/27/2016,17.67,18.17,17.43,17.81
5/31/2016,19.36,19.36,18.55,18.75
6/1/2016,19.21,19.4,18.87,19.02
6/2/2016,19.15,19.54,18.53,18.61
6/3/2016,18.92,19.17,18.04,18.07
6/6/2016,18.84,19.07,18.43,18.69
6/7/2016,18.64,19.05,18.54,18.89
6/8/2016,18.81,19.51,18.31,18.31
6/9/2016,18.84,21.17,18.77,20.4
6/10/2016,17.06,22.31,17.06,20.02
6/13/2016,20.61,20.61,19.56,20.32
6/14/2016,20.99,21.78,20.3,20.66
6/15/2016,20.69,20.83,19.98,20.24
6/16/2016,21.33,23.05,21.07,21.09
6/17/2016,22.1,25.16,22.07,23.64
6/20/2016,24.14,24.15,21.42,22.11
6/21/2016,22.08,22.8,21.69,22.74
6/22/2016,22.77,24.17,22.77,23.94
6/23/2016,22.71,24.32,22.32,22.38
6/24/2016,25.79,27.55,24.6,27.55
6/27/2016,28.59,29.56,27.94,28.03
6/28/2016,26.91,27.15,25.18,25.23
6/29/2016,24.91,25.14,24.2,24.47
6/30/2016,23.95,24.56,23.77,24.02
7/1/2016,23.76,24.05,23.22,23.37
7/5/2016,26.01,26.01,24.91,25.22
7/6/2016,26.09,26.4,25.27,25.61
7/7/2016,26.09,26.66,25.55,26.23
7/8/2016,26.3,26.45,24.4,24.44
7/11/2016,26.29,27.22,25.71,26.67
7/12/2016,26.04,26.8,25.62,26.03
7/13/2016,26.03,27.31,25.88,26.24
7/14/2016,26.48,26.79,25.73,25.84
7/15/2016,25.77,26.15,25.27,25.39
7/18/2016,25.62,25.94,24.97,25.78
7/19/2016,25.63,27.08,25.6,26.61
7/20/2016,26.3,27.74,25.93,25.98
7/21/2016,25.76,26.29,25.62,25.75
7/22/2016,24.78,26.56,24.78,25.68
7/25/2016,25.82,26.29,25.69,25.84
7/26/2016,25.82,26.72,25.53,26.11
7/27/2016,26.21,27.37,26.07,26.67
7/28/2016,26.34,28.42,26.19,27.12
7/29/2016,16.7,17.32,15.78,16.12
8/1/2016,17.13,17.81,16.32,16.34
8/2/2016,16.63,17.32,16.56,16.83
8/3/2016,16.9,17.3,16.76,16.94
8/4/2016,16.94,17.24,16.34,16.54
8/5/2016,16.07,16.46,16.06,16.4
8/8/2016,17.44,17.44,16.18,16.21
8/9/2016,16.13,16.33,14.97,15.75
8/10/2016,15.47,15.74,15.28,15.34
8/11/2016,15.2,15.58,15.05,15.1
8/12/2016,15.18,15.45,14.7,14.71
8/15/2016,14.73,14.73,14.14,14.29
8/16/2016,14.56,15.47,14.56,14.77
8/17/2016,14.99,15.73,14.88,14.91
8/18/2016,14.92,15.46,14.78,14.8
8/19/2016,15.31,15.4,14.38,14.42
8/22/2016,15.94,16.61,15.75,16.06
8/23/2016,16.05,16.36,15.93,16.2
8/24/2016,16.64,17.24,16.44,17.1
8/25/2016,17.75,17.99,17.24,17.64
8/26/2016,17.78,18.28,17.01,17.75
8/29/2016,18.77,19.13,18.01,18.16
8/30/2016,18.44,19.06,18.05,18.61
8/31/2016,19.17,19.59,18.76,19
9/1/2016,19.14,19.97,18.76,19.15
9/2/2016,18.82,18.88,17.91,18.08
9/6/2016,19.96,20.42,19.37,20.15
9/7/2016,20.21,20.81,19.99,20.41
9/8/2016,21.08,21.28,19.68,19.98
9/9/2016,19.86,22.65,19.86,22.57
9/12/2016,25.26,25.26,21.02,21.68
9/13/2016,23.22,24.88,22.26,23.26
9/14/2016,23.46,23.74,21.14,22.84
9/15/2016,23.92,24.36,20.2,20.71
9/16/2016,15.38,15.41,10.74,11.17
9/19/2016,14.73,15.34,13.68,15.24
9/20/2016,15.13,15.82,14.76,15.66
9/21/2016,16.52,16.94,14.77,15.62
9/22/2016,15.56,16.53,15.36,15.9
9/23/2016,16.98,17.03,15.62,16.4
9/26/2016,18.77,19.93,18.77,19.33
9/27/2016,19.39,19.71,18.71,19.12
9/28/2016,19.75,20.13,19.27,19.47
9/29/2016,19.95,20.99,19.67,20.41
9/30/2016,21.07,21.09,19.47,20.02
10/3/2016,21.96,22.8,21.71,22.51
10/4/2016,22.46,23.17,22.15,22.87
10/5/2016,22.87,23.66,22.61,23.53
10/6/2016,23.69,24.29,23.64,23.78
10/7/2016,24.1,24.43,23.11,23.5
10/10/2016,25.01,25.19,23.77,24.99
10/11/2016,24.91,26.69,24.56,26.24
10/12/2016,27.01,27.01,25.35,25.51
10/13/2016,25.78,27.42,24.96,26.33
10/14/2016,26.55,26.67,25.6,25.78
10/17/2016,28.12,28.31,26.96,27.67
10/18/2016,27.05,29.12,26.74,29.08
10/19/2016,29.12,29.85,28.45,29.44
10/20/2016,29.42,29.92,27.92,28.68
10/21/2016,28.99,29.21,27.81,28.45
10/24/2016,27.95,28.23,26.78,26.79
10/25/2016,26.89,28.13,26.72,27.92
10/26/2016,28.29,28.87,28.22,28.44
10/27/2016,28.01,28.63,25.22,25.22
10/28/2016,17.75,19.45,17.07,19.36
10/31/2016,19.78,19.9,19.14,19.5
11/1/2016,19.25,21,19.19,20.27
11/2/2016,20.88,22.58,20.55,21.77
11/3/2016,22.71,23.57,21.06,22.03
11/4/2016,22.03,22.99,21.83,22.42
11/7/2016,21.46,22.06,19.91,20.29
11/8/2016,20.5,20.79,19.1,19.61
11/9/2016,21.11,21.59,19.06,19.11
11/10/2016,18.8,23.98,18.8,21.8
11/11/2016,22.58,22.65,21.7,21.71
11/14/2016,22.3,27.05,22.23,25.9
11/15/2016,25.28,25.84,22.71,22.9
11/16/2016,23.67,23.89,22.18,22.25
11/17/2016,22.1,22.1,21.12,21.14
11/18/2016,20.81,21.28,20.44,20.45
11/21/2016,21.05,21.71,18.03,18.28
11/22/2016,17.93,18.49,17.93,18.39
11/23/2016,18.46,19.85,18.46,18.9
11/25/2016,19.1,19.35,16.73,16.73
11/28/2016,19.8,19.95,18.91,19.42
11/29/2016,19.34,20.18,19.13,19.32
11/30/2016,19.54,20.55,19.2,20.2
12/1/2016,20.32,22.44,20.16,21.21
12/2/2016,21.47,22.69,20.51,20.84
12/5/2016,21.02,21.44,19.27,19.27
12/6/2016,19.23,19.72,18.93,19.34
12/7/2016,19.48,19.83,18.41,18.94
12/8/2016,19.24,19.3,17.81,18.24
12/9/2016,17.95,18.62,17.72,17.73
12/12/2016,12.8,14.58,12.48,14.09
12/13/2016,13.11,15.15,13.06,14.7
12/14/2016,15.24,16.85,13.9,16.19
12/15/2016,17.06,17.53,14.84,15.15
12/16/2016,15.15,15.7,14.72,14.76
12/19/2016,16.54,17.14,15.42,15.85
12/20/2016,15.9,16.45,15.83,16.21
12/21/2016,16.63,17.51,16.43,16.75
12/22/2016,17.03,17.83,17.01,17.52
12/23/2016,17.76,18.29,17.43,17.43
12/27/2016,20.07,20.07,19.75,19.99
12/28/2016,20.37,21.56,20.36,21.39
12/29/2016,22.93,22.96,21.98,22.01
12/30/2016,22.09,23.82,21.97,23.6
1/3/2017,25.33,25.44,23.88,24.22
1/4/2017,24.42,24.42,23.73,23.97
1/5/2017,24.17,24.61,23.76,24.18
1/6/2017,24.49,24.49,23.43,23.74
1/9/2017,24.82,25.37,24.74,25.14
1/10/2017,25.37,25.59,24.84,25.06
1/11/2017,25.97,25.97,24.63,24.78
1/12/2017,24.2,26.04,24.2,25.18
1/13/2017,25.1,25.7,24.82,25.06
1/17/2017,25.31,28,25.29,26.1
1/18/2017,25.64,25.88,24.71,24.78
1/19/2017,24.29,24.9,24.21,24.87
1/20/2017,25.14,25.23,22.98,23.01
1/23/2017,22.74,23.39,22.52,23.38
1/24/2017,22.99,23.44,22.57,22.61
1/25/2017,22.89,23.34,22.7,23.3
1/26/2017,22.94,24.98,22.87,24.4
1/27/2017,18.79,18.81,16.5,16.61
1/30/2017,17.72,19.39,17.72,19.09
1/31/2017,19.09,19.44,18.57,18.68
2/1/2017,18.57,19.12,18.45,18.58
2/2/2017,18.53,18.79,17.95,18.03
2/3/2017,17.64,17.85,16.42,16.47
2/6/2017,17.47,17.47,16.56,16.73
2/7/2017,16.87,16.87,15.7,15.7
2/8/2017,15.88,16.44,15.54,15.7
2/9/2017,15.96,16.04,14.89,14.9
2/10/2017,14.69,14.88,14.35,14.76
2/13/2017,14.58,15.31,14.52,15.05
2/14/2017,14.65,15.24,14.65,14.91
2/15/2017,15.04,15.41,14.96,15.13
2/16/2017,15.32,15.48,14.66,14.94
2/17/2017,15.19,15.42,14.32,14.32
2/21/2017,14.84,15.32,14.84,14.95
2/22/2017,14.86,15.36,14.2,14.64
2/23/2017,14.08,15.32,14.07,14.83
2/24/2017,15.29,15.54,14.93,14.94
2/27/2017,15.49,15.76,14.74,14.75
2/28/2017,14.66,15.88,14.66,15.71
3/1/2017,15.33,15.5,14.86,15.12
3/2/2017,14.79,15.66,14.79,15.45
3/3/2017,15.34,16.13,15.14,15.17
3/6/2017,15.76,16.45,15.64,15.7
3/7/2017,15.84,16.17,15.38,15.79
3/8/2017,15.99,16.45,15.56,16.35
3/9/2017,17.11,17.11,16.11,16.37
3/10/2017,15.45,16.59,15.42,15.42
3/13/2017,15.48,15.48,12.64,13.77
3/14/2017,14.77,14.77,13.19,13.91
3/15/2017,14.2,14.75,13.21,14.08
3/16/2017,14.68,14.75,13.29,13.56
3/17/2017,3.7,12.53,3.7,9.21
3/20/2017,11.52,11.76,10.55,10.63
3/21/2017,10.74,14.64,10.74,14.1
3/22/2017,14.54,15.35,14.5,15
3/23/2017,15.81,16.46,15.69,16.07
3/24/2017,16.01,16.6,15.58,16.39
3/27/2017,16.39,17.89,15.77,16.91
3/28/2017,17.13,18.07,16.49,16.49
3/29/2017,16.76,16.95,16.55,16.74
3/30/2017,16.92,17.11,16.66,16.7
3/31/2017,17.07,17.16,16.21,16.21
4/3/2017,17.41,18.16,17.16,17.34
4/4/2017,18.08,18.28,17.38,17.89
4/5/2017,18.21,19.34,17.8,18.94
4/6/2017,18.61,19.34,18.44,18.93
4/7/2017,19.36,19.39,18.77,18.86
4/10/2017,19.15,19.68,19.15,19.34
4/11/2017,19.56,20.46,19.56,20.08
4/12/2017,20.28,20.94,20.2,20.82
4/13/2017,21.11,21.3,19.75,19.81
4/17/2017,21.43,22.43,20.55,20.64
4/18/2017,20.79,21.4,20.69,21.2
4/19/2017,21.17,21.24,20.81,21.02
4/20/2017,20.85,21.07,20.7,20.88
4/21/2017,20.83,21.84,20.58,21.23
4/24/2017,21.05,21.05,19.07,19.63
4/25/2017,19.15,21.81,19.13,21.48
4/26/2017,20.74,22.35,20.61,21.42
4/27/2017,21.31,21.62,20.07,21.2
4/28/2017,13.81,15.47,12.28,13.47
5/1/2017,13.88,14.81,13.14,14.45
5/2/2017,14.11,14.75,14,14.65
5/3/2017,14.85,14.91,14.36,14.75
5/4/2017,14.5,15.81,14.42,15.38
5/5/2017,15.12,15.59,14.89,14.9
5/8/2017,15.43,15.46,14.63,15.43
5/9/2017,15.32,16.57,15.31,15.84
5/10/2017,15.9,16.24,15.32,15.36
5/11/2017,14.86,15.77,14.72,15.32
5/12/2017,15.05,15.5,14.91,14.93
5/15/2017,15.28,15.62,14.3,14.34
5/16/2017,14.09,14.45,13.48,13.96
5/17/2017,14.54,16.29,14.19,16.22
5/18/2017,16.39,16.62,15.88,16.07
5/19/2017,15.8,15.8,14.75,15.2
5/22/2017,15.51,15.65,14.83,14.95
5/23/2017,14.64,15.71,14.64,15.63
5/24/2017,15.72,16.59,15.33,15.49
5/25/2017,15.42,16.24,15.42,16.11
5/26/2017,16.28,16.82,15.54,15.98
5/30/2017,16.69,17.97,16.69,17.33
5/31/2017,17.27,18.16,17.25,18.16
6/1/2017,17.68,18.2,16.56,17.08
6/2/2017,16.81,17.69,16.69,16.92
6/5/2017,17.32,17.71,16.97,17.35
6/6/2017,17.52,17.85,15.97,16.49
6/7/2017,16.34,17.75,16.29,16.95
6/8/2017,16.38,17.81,16.38,16.95
6/9/2017,16.28,20.4,15.77,20.39
6/12/2017,19.3,22.91,17.74,17.75
6/13/2017,16.79,17.61,15.47,15.65
6/14/2017,15.44,17.39,13.38,16.92
6/15/2017,17.93,21.31,17.93,18.83
6/16/2017,19,19.45,17.2,17.36
6/19/2017,17.58,17.97,16.99,17.44
6/20/2017,17.39,18.72,17.25,18.43
6/21/2017,18.63,18.77,17.15,17.24
6/22/2017,18.15,18.66,17.51,17.65
6/23/2017,17.56,18.11,16.75,17.73
6/26/2017,18.36,20.88,18.31,20.88
6/27/2017,20.94,22.79,20.7,22.67
6/28/2017,22.26,24.19,21.7,21.88
6/29/2017,22.35,25.52,22.35,24.5
6/30/2017,24.44,25.06,22.81,24.06
7/3/2017,25.35,26.04,24.93,25.91
7/5/2017,26.59,26.67,24.76,24.93
7/6/2017,25.82,26.39,24.72,25.48
7/7/2017,25.8,25.93,24.3,24.6
7/10/2017,25.67,26.1,24.5,24.87
7/11/2017,24.76,25.32,24.11,24.17
7/12/2017,23.79,24.34,23.01,23.83
7/13/2017,23.7,24.94,23.46,24.92
7/14/2017,24.21,24.68,23.67,23.87
7/17/2017,25.34,25.73,24.61,24.91
7/18/2017,24.64,25.33,24.61,25.04
7/19/2017,25.12,25.72,24.25,24.5
7/20/2017,24.29,25.39,24.28,24.8
7/21/2017,25.61,26.08,24.54,25.02
7/24/2017,28.56,28.56,23.83,23.94
7/25/2017,19.46,19.67,17.08,17.78
7/26/2017,17.58,18.27,16.61,16.61
7/27/2017,16.64,19.81,16.62,18.67
7/28/2017,18.97,19.06,17.73,18.06
7/31/2017,18.39,18.99,17.46,18.28
8/1/2017,18.21,18.56,17.23,17.37
8/2/2017,17.32,18.38,16.26,17.01
8/3/2017,16.98,17.85,16.52,17.48
8/4/2017,16.89,17.13,15.59,15.84
8/7/2017,16.54,16.86,16.21,16.67
8/8/2017,16.41,17.55,15.94,17.43
8/9/2017,17.68,18.65,17.17,18.07
8/10/2017,18.11,20.86,18.03,20.86
8/11/2017,20.52,20.96,18.83,19.07
8/14/2017,18.72,18.82,14.94,15.73
8/15/2017,15.96,18.32,15.91,17.09
8/16/2017,16.8,16.97,15.85,16.46
8/17/2017,16.52,19.23,16.4,19.23
8/18/2017,18.81,19.78,18.35,18.6
8/21/2017,19.53,19.63,17.46,17.49
8/22/2017,17.67,18.43,16.52,16.53
8/23/2017,16.94,17.49,16.18,16.58
8/24/2017,16.71,18.38,16.65,17.51
8/25/2017,17.07,17.38,16.32,16.32
8/28/2017,16.88,17.31,16.45,17.16
8/29/2017,17.69,18,16.54,16.55
8/30/2017,16.84,17.43,16.73,17.06
8/31/2017,16.99,17.63,16.73,17.63
9/1/2017,16.68,17.52,16.15,16.81
9/5/2017,18.06,18.7,17.45,18.34
9/6/2017,17.94,19.16,17.82,18.01
9/7/2017,17.96,18.76,17.96,18.47
9/8/2017,18.3,18.76,17.33,17.33
9/11/2017,13.7,14.02,12.93,12.93
9/12/2017,13.67,14.13,12.44,13.77
9/13/2017,13.61,14.87,11.42,11.73
9/14/2017,12.62,15.56,12.21,15.47
9/15/2017,15.66,15.66,13.22,14.01
9/18/2017,15.75,16.95,14.53,16.95
9/19/2017,16.34,16.63,15.22,15.8
9/20/2017,15.67,16.08,14.81,16.06
9/21/2017,16.1,16.87,14.29,15.63
9/22/2017,14.64,17.12,14.35,16.21
9/25/2017,18.13,20.56,17.85,19.34
9/26/2017,19.6,20.26,19,19.33
9/27/2017,19.2,21.29,19.13,20.79
9/28/2017,20.88,21.71,20.63,21.52
9/29/2017,21.49,21.62,19.94,19.94
10/2/2017,21.61,22.43,21.1,21.53
10/3/2017,21.29,23.02,21.13,22.31
10/4/2017,22.59,23.65,21.96,23.04
10/5/2017,22.87,24.42,22.51,23.9
10/6/2017,23.39,24.41,22.62,23.63
10/9/2017,24.1,26.21,23,24.79
10/10/2017,24.32,26.32,24.32,26.32
10/11/2017,25.04,26.76,24.89,26.36
10/12/2017,25.73,28.52,25.72,27.17
10/13/2017,26.59,27.8,25.7,27.67
10/16/2017,27.87,28.71,26.58,27.52
10/17/2017,26.57,27.44,24.22,25.02
10/18/2017,24.57,27.06,24.46,26.8
10/19/2017,25.43,27.18,25.33,26.48
10/20/2017,25.72,26.75,24.55,26.75
10/23/2017,26.14,26.48,24.17,25.5
10/24/2017,25.98,27,24.4,26.45
10/25/2017,25.4,27.77,25.4,27.77
10/26/2017,26.03,28.51,25.55,26.15
10/27/2017,19.58,22.58,18.88,22.58
10/30/2017,20.45,21.37,19.48,20.8
10/31/2017,20.63,20.94,19.71,20.89
11/1/2017,19.9,20.82,18.31,20.47
11/2/2017,20.13,20.95,19.44,19.53
11/3/2017,19.86,20.28,18.28,18.54
11/6/2017,19.41,21.98,18.43,21.98
11/7/2017,19.5,21.45,19.26,20.81
11/8/2017,20.81,21,18.57,19.41
11/9/2017,19.79,21.78,18.89,20.02
11/10/2017,20.49,21.18,18.87,19.67
11/13/2017,20.4,20.64,18.26,19.85
11/14/2017,19.79,20.4,18.28,18.56
11/15/2017,19.08,20.18,16.84,16.84
11/16/2017,17.28,20.46,16.99,19.16
11/17/2017,18.87,20.22,17.1,20.22
11/20/2017,19.63,19.71,16.74,16.96
11/21/2017,17.94,19,15.86,16.8
11/22/2017,16.46,17.48,15.33,16.29
11/24/2017,16.83,17.58,16.28,17.13
11/27/2017,17.58,19.77,16.22,17.76
11/28/2017,17.92,19.11,16,17.43
11/29/2017,17.86,21.15,17.37,19.75
11/30/2017,19.38,21.39,18.47,18.47
12/1/2017,20.61,21.48,18.49,19.84
12/4/2017,19.83,23.42,19.42,22.59
12/5/2017,21.28,23.89,18.8,21.45
12/6/2017,22.64,22.88,18.88,18.88
12/7/2017,20.22,21.05,17.49,17.49
12/8/2017,19.73,20.84,18.25,18.55
12/11/2017,15.42,18.16,9.83,13.7
12/12/2017,14.02,17.49,11.31,15.57
12/13/2017,16.23,17.24,11.75,14.08
12/14/2017,13.9,16.57,11.23,13.63
12/15/2017,14.66,15.87,6.31,12.2
12/18/2017,12.75,16.7,11.88,14.47
12/19/2017,15.44,16.14,14.96,15.58
12/20/2017,16.77,17.1,14.52,16.66
12/21/2017,17.76,17.76,15.16,15.93
12/22/2017,16.84,16.84,15.06,15.6
12/26/2017,18.41,18.97,17.07,17.95
12/27/2017,16.93,19.01,16.81,18.32
12/28/2017,18.86,19.19,18.05,18.68
12/29/2017,19.33,19.62,18.48,19.62
1/2/2018,21.65,22.12,19.63,20.29
1/3/2018,21.3,21.92,20.14,20.69
1/4/2018,20.83,22.22,19.94,21.55
1/5/2018,21.36,22.36,19.35,21.89
1/8/2018,24.27,24.27,21.66,23.2
1/9/2018,22.82,23.55,20.74,21.19
1/10/2018,23.63,24.39,20.7,22.04
1/11/2018,22.07,24.46,21.57,22.95
1/12/2018,25.36,25.36,22.42,24.14
1/16/2018,25.89,27.64,24.86,25.25
1/17/2018,25.06,26.68,24.18,24.93
1/18/2018,25.18,26.49,23.11,24.6
1/19/2018,24.68,25.55,24.16,24.25
1/22/2018,25.34,26.31,24.12,25.45
1/23/2018,25.65,26.7,24.81,26.43
1/24/2018,26.67,28.37,26.59,27.25
1/25/2018,27.57,28.62,25.81,28.62
1/26/2018,28.65,30.57,28.2,30.5
1/29/2018,30.66,32.57,30.18,32.04
1/30/2018,32.41,33.78,30.77,31.65
1/31/2018,32.04,32.39,29.69,30.62
2/1/2018,30.84,31.23,28.38,28.93
2/2/2018,25.86,25.86,20.13,23.1
2/5/2018,25.3,31.19,20.71,30.33
2/6/2018,37.18,37.71,26.96,27.38
2/7/2018,26.95,28.98,24.04,27.19
2/8/2018,26.31,34.7,26.31,34.2
2/9/2018,31.95,39.91,30.36,33.99
2/12/2018,33.32,34.31,27.63,28.13
2/13/2018,28.61,29.13,26.06,26.75
2/14/2018,27.32,28.36,23.15,24.46
2/15/2018,24.8,25.55,22.58,23.59
2/16/2018,24.19,24.51,22.01,23.29
2/20/2018,24.94,25.28,23.1,25.09
2/21/2018,24.47,24.79,21.56,24.2
2/22/2018,22.84,25.38,22.02,24.24
2/23/2018,24.36,25.64,20.9,20.9
2/26/2018,22.28,22.88,20.18,20.63
2/27/2018,21.1,24.33,20.6,23.41
2/28/2018,23.4,25.5,22.04,23.9
3/1/2018,25.89,29.97,24.55,27.99
3/2/2018,30.84,32.46,25.53,25.53
3/5/2018,27.76,28.65,23.87,24.07
3/6/2018,24.71,25.53,23.75,24.52
3/7/2018,26.02,26.54,24.14,24.61
3/8/2018,24.41,25.32,22.79,23.72
3/9/2018,23.39,23.87,20.66,21.33
3/12/2018,18.42,20.26,16.71,19.26
3/13/2018,19.34,23.77,19.34,22.23
3/14/2018,22.97,23.44,19.07,21.5
3/15/2018,21.29,23.77,20.76,21.71
3/16/2018,21.6,22.83,18.21,20.25
3/19/2018,24.73,28.32,22.96,26.6
3/20/2018,27.15,29.27,25.64,27.43
3/21/2018,27.94,28.84,24.13,26.49
3/22/2018,29.22,32.68,27.04,31.82
3/23/2018,32.07,33.95,30.23,33.5
3/26/2018,32.76,35.16,30.57,31.41
3/27/2018,31.22,37.92,30.54,36.43
3/28/2018,37.16,40.94,35.84,36.58
3/29/2018,36.18,37,29.66,31.67
4/2/2018,34.22,38.27,34.22,35.74
4/3/2018,35.98,38.78,34.03,35.49
4/4/2018,37.71,38.41,32.24,33.13
4/5/2018,32.69,33.98,31.38,32.47
4/6/2018,33.66,36.32,32.91,34.08
4/9/2018,34.37,35.23,32.03,34.05
4/10/2018,33.66,35.22,31.34,32.61
4/11/2018,33.48,34.47,31.46,32.51
4/12/2018,32.89,33.26,29.92,31.49
4/13/2018,31.1,31.71,29.34,30.31
4/16/2018,30.29,32.59,28.32,30.17
4/17/2018,29.25,30.12,27.85,29.6
4/18/2018,29.69,31.72,27.86,30
4/19/2018,28.99,32.23,28.73,31.56
4/20/2018,31.56,33.17,30.54,31.28
4/23/2018,31.77,32.26,29.05,30.53
4/24/2018,25.94,26.81,22.82,25.86
4/25/2018,26.13,27.67,23.88,24.57
4/26/2018,24.72,25.46,22.25,23.9
4/27/2018,24.75,25.08,22.15,22.36
4/30/2018,23.31,23.41,20.85,21.96
5/1/2018,22.44,22.99,21.05,21.32
5/2/2018,22.38,22.74,19.2,21.52
5/3/2018,21.83,25.17,20.61,21.97
5/4/2018,22.55,23.29,19.83,20.33
5/7/2018,21.02,22.16,19.63,20.39
5/8/2018,20.64,22.19,19.52,21.01
5/9/2018,20.63,21.64,18.64,20.6
5/10/2018,20.8,21.34,19.2,20.26
5/11/2018,20.96,21.13,18.34,18.34
5/14/2018,19.99,20.65,18.16,18.57
5/15/2018,19.8,21,17.34,20.43
5/16/2018,20.78,20.9,19.44,19.83
5/17/2018,20.1,20.7,18.5,19.31
5/18/2018,20.54,20.71,17.77,19.56
5/21/2018,21.18,21.18,18.78,19.42
5/22/2018,19.65,19.97,18.46,19.01
5/23/2018,19.79,20.22,18.39,18.62
5/24/2018,18.99,19.84,18.31,18.71
5/25/2018,19.26,20.23,18.09,18.61
5/29/2018,21.21,22.87,19.98,21.74
5/30/2018,21.37,21.76,19.44,19.77
5/31/2018,19.96,21.34,18.58,20.97
6/1/2018,20.56,21.69,18.33,18.69
6/4/2018,19.76,21.54,18.55,20.01
6/5/2018,20.43,21.04,19.33,20.05
6/6/2018,20.57,21.95,18.94,20.88
6/7/2018,20.93,21.65,18.59,20.5
6/8/2018,18.04,20.85,17.76,19.19
6/11/2018,16.68,16.68,11.83,14.94
6/12/2018,16,16.9,12.39,14.39
6/13/2018,16.1,17.01,11.29,16.17
6/14/2018,16.03,17.96,14.29,16.93
6/15/2018,17.79,19.1,14.68,15.15
6/18/2018,18.94,20.86,17.43,19.1
6/19/2018,21.52,22.42,18.92,20.64
6/20/2018,19.95,22.11,19.23,20.75
6/21/2018,20.47,23.7,19.9,22.78
6/22/2018,22.02,23.99,20.42,22.26
6/25/2018,24.1,28.4,24.06,25.79
6/26/2018,26.64,28.15,24.03,25.88
6/27/2018,25.49,29.14,24.41,28.63
6/28/2018,28.85,29.32,24.8,26.39
6/29/2018,26.12,27.28,24.88,25.87
7/2/2018,27.6,29.29,25.96,26.5
7/3/2018,25.19,28.88,25.19,27.15
7/5/2018,28.44,29.56,26.96,27.18
7/6/2018,28.31,28.74,26.37,27
7/9/2018,27.38,28.32,26.09,26.57
7/10/2018,26.69,27.79,25.26,27.23
7/11/2018,27.48,28.75,25.71,27.24
7/12/2018,28.77,28.91,25.89,26.26
7/13/2018,26.19,27.75,25.38,26.76
7/16/2018,27.89,29.14,26.46,28.19
7/17/2018,29.54,30.56,26.25,28.54
7/18/2018,29.33,30.08,26.28,27.49
7/19/2018,27.61,28.99,26.53,27.8
7/20/2018,28.37,28.46,26.3,26.96
7/23/2018,27.74,28.53,26.07,26.18
7/24/2018,21.82,21.82,16.8,17.05
7/25/2018,18.49,19.12,15.77,17.73
7/26/2018,18.73,19.73,16.89,18.3
7/27/2018,18.82,22.52,17.7,19.75
7/30/2018,20.01,25.46,19.75,23.15
7/31/2018,24.35,24.57,21.38,23.48
8/1/2018,22.17,23.19,20.4,22.14
8/2/2018,23.58,23.81,20.53,20.84
8/3/2018,21.26,22.11,18.32,19.86
8/6/2018,21.11,21.81,18.8,18.93
8/7/2018,18.74,20.12,18.03,19.16
8/8/2018,19.46,19.71,17.85,18
8/9/2018,18.29,19.97,16.52,17.58
8/10/2018,18.58,20.11,17.52,19.02
8/13/2018,17.6,18.81,14.65,17.86
8/14/2018,17.83,19.7,15.14,17.09
8/15/2018,18.42,22.72,17.13,21.48
8/16/2018,20.18,22.1,16.7,19.84
8/17/2018,20.44,22.23,16.89,19.35
8/20/2018,19.22,21.45,17.66,19.78
8/21/2018,20.1,20.49,17.74,18.84
8/22/2018,20.63,20.68,18.92,19.2
8/23/2018,19.75,20.85,18.34,18.39
8/24/2018,19.62,20.74,17.96,20.12
8/27/2018,20.44,20.92,18.73,19.13
8/28/2018,20.2,20.32,17.99,19.23
8/29/2018,19.43,19.88,17.92,19.83
8/30/2018,20.19,20.58,18.67,19.08
8/31/2018,18.31,21.55,18.31,20.84
9/4/2018,22.7,23.86,21.46,23.86
9/5/2018,24.03,27.69,22.06,24.41
9/6/2018,25.59,30.59,24.61,25.44
9/7/2018,28.25,28.26,23.93,23.93
9/10/2018,26.32,26.72,24.5,26.16
9/11/2018,26.67,27.81,23.81,25.44
9/12/2018,26.3,27.18,23.96,25.32
9/13/2018,25.13,26.03,23.02,23.55
9/14/2018,22.72,23.91,21.61,22.47
9/17/2018,21.19,25.69,21.19,25.69
9/18/2018,24.6,24.75,21.21,23.04
9/19/2018,23.09,23.57,20.71,21.58
9/20/2018,21.62,22.5,19.4,20.83
9/21/2018,20.86,22.23,19.75,21.68
9/24/2018,23.73,25.24,21.39,21.64
9/25/2018,23.23,23.68,20.91,22.7
9/26/2018,22.94,24.17,21.6,23.27
9/27/2018,23.78,23.78,21.76,22.94
9/28/2018,23.69,24.18,22.37,22.83
10/1/2018,24.46,25.18,23.25,24.5
10/2/2018,24.65,26.17,23.79,25.93
10/3/2018,25.2,26.05,24.38,24.99
10/4/2018,25.84,32.19,25.84,29.19
10/5/2018,29.68,33.9,29.33,30.5
10/8/2018,32.64,36.35,30.55,33.96
10/9/2018,33.6,34.45,30.35,32.65
10/10/2018,33.23,38.67,32.35,38.67
10/11/2018,37.97,40.95,35.22,39.8
10/12/2018,37.43,38.61,34.3,34.31
10/15/2018,36.99,38.79,34.48,36.13
10/16/2018,35.39,35.43,32,32.61
10/17/2018,32.38,34.92,31.9,33.48
10/18/2018,33.56,38.8,32.82,37.56
10/19/2018,36.33,37.38,33.41,34.93
10/22/2018,35.1,36.73,33.18,34.51
10/23/2018,37.23,40.64,35.03,35.9
10/24/2018,36.44,43.04,36.18,41.28
10/25/2018,40.28,40.87,35.47,36.76
10/26/2018,33.41,38.55,31.05,33.99
10/29/2018,34.02,39.6,29.91,36.5
10/30/2018,38.46,39.57,35.08,35.2
10/31/2018,32.99,34.07,30.87,32.86
11/1/2018,32.31,34.22,29.17,31.52
11/2/2018,28.8,33.71,28.4,31.85
11/5/2018,32.72,35.2,30.84,31.01
11/6/2018,32.44,32.5,29.75,30.12
11/7/2018,29.31,29.48,25.85,26.31
11/8/2018,27.36,28.99,25.24,26.72
11/9/2018,27.79,30.7,26.33,28.1
11/12/2018,30.22,35.37,28.94,32.25
11/13/2018,32.45,34.6,29.52,32.59
11/14/2018,29.24,34.57,28.88,33.76
11/15/2018,34.84,35.54,30.24,30.84
11/16/2018,31.66,33.24,28.38,29.91
11/19/2018,31.77,37.32,30.79,36.64
11/20/2018,35.41,39.73,34.54,36.02
11/21/2018,33.77,35.67,31,32.53
11/23/2018,32.78,34.7,31.75,34.3
11/26/2018,32.68,33.51,29.81,30.05
11/27/2018,30.43,31.1,28.15,30.07
11/28/2018,28.78,31.09,27.96,29.04
11/29/2018,28.97,30.92,27.64,29.73
11/30/2018,29.25,30.18,28.06,28.77
12/3/2018,26.47,27.56,25.73,26.32
12/4/2018,26.69,31.25,25.92,31.2
12/6/2018,33.67,34.6,31.08,31.46
12/7/2018,31.41,34.87,29.5,33.74
12/10/2018,34.08,36.13,32.26,33.38
12/11/2018,33.53,33.62,29.7,31.42
12/12/2018,30.9,30.95,28.34,29.9
12/13/2018,28.46,30.86,27.66,29.17
12/14/2018,29.12,31.49,28.17,30.77
12/17/2018,29.9,35.18,29.86,33.78
12/18/2018,34.1,35.51,31.63,34.62
12/19/2018,33.14,36.76,30.74,35.23
12/20/2018,35.25,40.27,33.1,36.95
12/21/2018,36.85,41.6,35.19,39.65
12/24/2018,42.34,45.02,40.62,42.72
12/26/2018,43.72,44.9,37.97,38.36
12/27/2018,42.14,42.82,38.22,38.49
12/28/2018,38.87,40.39,35.96,37.87
12/31/2018,37.69,38.08,36.14,36.61
1/2/2019,37.73,38.33,34.75,34.86
1/3/2019,35.3,38.39,35.3,37.81
1/4/2019,36.17,36.63,32.57,33.35
1/7/2019,34.06,35.14,33.05,33.13
1/8/2019,32.88,34.56,32.08,32.28
1/9/2019,32.11,34,30.83,31.41
1/10/2019,33.48,33.87,32.03,32.68
1/11/2019,33.42,34.4,31.6,32.34
1/14/2019,34.39,35.7,32.72,33.22
1/15/2019,33.25,33.95,31.14,31.74
1/16/2019,33.3,33.82,30.8,30.8
1/17/2019,32.29,32.98,30.37,31.45
1/18/2019,29.33,32.71,28.92,30.15
1/22/2019,32.02,34.01,30.97,33.98
1/23/2019,32.58,33.44,31.81,32.86
1/24/2019,34.82,34.82,31.01,32.21
1/25/2019,32.16,32.98,30.01,30.42
1/28/2019,32.08,33.44,31.85,32.52
1/29/2019,32.5,33.9,31.94,32.89
1/30/2019,32.98,33.65,30.04,31.4
1/31/2019,30.82,32.36,30.66,31.67
2/1/2019,33.23,33.35,30.56,30.9
2/4/2019,31.39,31.5,27.58,28.01
2/5/2019,22.93,23.89,20.97,21.31
2/6/2019,21.37,23.44,20.87,23.34
2/7/2019,23.94,26.08,23.64,24.21
2/8/2019,24.97,25.18,24.35,24.35
2/11/2019,24.89,24.9,22.89,23.63
2/12/2019,23.33,23.33,22.03,22.33
2/13/2019,22.54,23.6,21.63,22.44
2/14/2019,23.04,23.86,21.65,23.08
2/15/2019,22.95,23.6,22.61,22.63
2/19/2019,25.79,25.79,21.79,22.15
2/20/2019,21.85,22.35,20.76,22.1
2/21/2019,22.01,23.22,21.82,22.8
2/22/2019,22.73,22.89,21.26,21.51
2/25/2019,21.99,22.37,20.9,20.9
2/26/2019,22.17,22.86,20.97,21.6
2/27/2019,21.93,22.37,21.02,21.65
2/28/2019,21.93,22.37,20.42,21.41
3/1/2019,21.93,22.37,20.19,20.83
3/4/2019,21.93,23.31,20.19,21.87
3/5/2019,21.75,23.24,20.71,21.62
3/6/2019,21.79,22.46,21.2,21.99
3/7/2019,22.24,23.34,22.02,22.95
3/8/2019,24.86,25.86,23.14,23.17
3/11/2019,22.27,22.47,18.61,18.97
3/12/2019,20.21,20.21,17.66,18.59
3/13/2019,18.83,19.01,17.03,18.2
3/14/2019,18.68,18.98,16.61,17.72
3/15/2019,18.47,20.1,16.88,18.81
3/18/2019,20.24,20.68,18.86,20.25
3/19/2019,18.9,20.37,18.65,20
3/20/2019,20.4,20.92,18.83,20.35
3/21/2019,20.99,21.28,19.81,19.81
3/22/2019,21.27,23.22,19.86,22.62
3/25/2019,24.31,25.02,23.36,23.95
3/26/2019,23.6,24.53,22.49,23.38
3/27/2019,23.52,24.75,22.7,23.86
3/28/2019,23.92,24.79,22.91,23.5
3/29/2019,24.21,24.24,22.68,22.69
4/1/2019,24.09,24.23,22.25,22.99
4/2/2019,22.2,23.61,21.79,23.02
4/3/2019,23.14,23.42,22.09,23.03
4/4/2019,23.52,23.63,22.34,22.93
4/5/2019,22.69,24.42,22.56,23.55
4/8/2019,24.81,24.96,23.53,24.21
4/9/2019,24.73,24.94,23.9,24.83
4/10/2019,24.19,25.02,23.77,24.69
4/11/2019,24.92,25.01,23.74,24.76
4/12/2019,24.92,24.94,23.32,24.08
4/15/2019,25.43,26.16,24.85,25.63
4/16/2019,24.33,25.59,23.95,25.11
4/17/2019,24.96,26.77,24.42,25.64
4/18/2019,25.81,25.95,24.22,24.6
4/22/2019,25.6,25.87,24.69,25.02
4/23/2019,25.12,26.15,24.66,25.64
4/24/2019,25.85,26.19,25.18,26.08
4/25/2019,26.03,27.26,25.51,26.7
4/26/2019,26.86,27,24.41,24.98
4/29/2019,25.74,25.8,23.64,24.91
4/30/2019,27.02,27.02,18.92,19.42
5/1/2019,18.93,20.29,17.87,19.97
5/2/2019,20.55,21.38,19.08,20.6
5/3/2019,19.07,20.44,17.8,18.96
5/6/2019,20.8,21.93,19.56,20.13
5/7/2019,20.39,25.3,20.39,24.08
5/8/2019,24.25,24.51,22.77,23.84
5/9/2019,25.32,26.08,23.47,23.89
5/10/2019,22.92,24.74,21.14,21.5
5/13/2019,23.64,26.72,23.14,25.28
5/14/2019,25.59,25.59,22.31,23.14
5/15/2019,23.96,23.96,20.01,20.85
5/16/2019,21.03,21.15,18.63,19.02
5/17/2019,19.62,22.06,19.18,22.06
5/20/2019,23.79,25.12,22.52,24.19
5/21/2019,23.47,24.01,22.15,22.41
5/22/2019,22.63,22.78,21.18,21.81
5/23/2019,22.11,25.61,22.11,24.49
5/24/2019,24.12,24.12,22.29,22.86
5/28/2019,23.92,23.92,21.78,23.58
5/29/2019,24.4,25.67,24.28,24.93
5/30/2019,24.83,25.21,23.78,24.07
5/31/2019,25.37,26.21,24.48,24.76
6/3/2019,27.36,30.3,26.27,27.31
6/4/2019,26.53,27.67,24.94,25.06
6/5/2019,25.55,27.08,24.83,25.69
6/6/2019,25.55,26.32,24.03,24.28
6/7/2019,22.83,24.18,22.3,23.61
6/10/2019,23.91,24.44,23.12,23.76
6/11/2019,23.2,24.52,22.11,24.22
6/12/2019,24.5,25.77,23.52,24.18
6/13/2019,23.99,25.22,23.11,23.43
6/14/2019,23.51,23.92,22.34,22.59
6/17/2019,22.16,22.86,21.28,21.79
6/18/2019,21.56,22.18,20.32,21.78
6/19/2019,21.82,23.17,20.65,21.47
6/20/2019,20.53,22.07,20.45,21.21
6/21/2019,21.39,21.5,19.46,21.38
6/24/2019,22.75,22.96,21.78,22.77
6/25/2019,23.18,25.08,23.05,24.64
6/26/2019,24.85,25.46,23.89,25.03
6/27/2019,25.07,25.73,24.07,24.89
6/28/2019,24.37,25.38,24.29,24.8
7/1/2019,24.68,24.89,22.63,22.88
7/2/2019,23.23,23.23,21.43,21.94
7/3/2019,22.12,22.38,21.73,21.98
7/5/2019,22.56,23.42,22.07,22.8
7/8/2019,24.95,24.95,22.93,23.81
7/9/2019,24.44,26.07,23.99,24.41
7/10/2019,24.46,24.61,23.07,23.56
7/11/2019,23.7,24.03,23.01,23.74
7/12/2019,23.92,24.13,23.18,23.41
7/15/2019,24.72,25.32,24.05,24.25
7/16/2019,24.18,27.22,23.62,24.31
7/17/2019,24.34,25.6,22.69,25.41
7/18/2019,25.56,27.05,25.03,26.41
7/19/2019,26.46,27.25,25.58,26.88
7/22/2019,27.59,28.04,26.96,27.46
7/23/2019,27.47,28.71,27.14,27.83
7/24/2019,28.28,29.03,27.67,27.92
7/25/2019,27.84,28.11,26.37,26.37
7/26/2019,18.81,21.9,18.32,18.48
7/29/2019,19.2,19.53,18.89,18.91
7/30/2019,19.31,19.68,18.99,19.49
7/31/2019,19.75,21.58,18.9,20.28
8/1/2019,20.44,22.43,19.08,21.73
8/2/2019,22.47,25.35,21.99,24.52
8/5/2019,26.04,31.17,26.04,29.35
8/6/2019,29.12,29.12,25.75,26.29
8/7/2019,28.36,29.39,26.84,26.88
8/8/2019,25.94,26.43,23.18,23.18
8/9/2019,23.36,25.29,23.36,24.22
8/12/2019,25.67,26.99,23.1,26.79
8/13/2019,26.56,27.19,22.23,22.84
8/14/2019,25.22,28.09,24.75,27.24
8/15/2019,27.3,28.67,26.4,26.57
8/16/2019,25.36,25.54,23.41,23.74
8/19/2019,23.06,23.1,21.47,22.05
8/20/2019,22.59,23.3,22.14,22.78
8/21/2019,21.58,22.14,21.03,21.88
8/22/2019,21.43,23.02,21.32,22.55
8/23/2019,22.87,27.31,22.33,25.07
8/26/2019,27.01,27.23,25.1,25.24
8/27/2019,24.27,25.76,24.2,25.09
8/28/2019,26.02,26.82,24.53,24.82
8/29/2019,23.47,23.6,22.36,22.59
8/30/2019,22.05,23.65,22.05,23.3
9/3/2019,24.71,26.23,23.84,25.81
9/4/2019,24.34,24.97,23.38,23.82
9/5/2019,23.26,23.26,20.75,21.42
9/6/2019,21.5,21.7,20.19,21.12
9/9/2019,21.3,22.8,20.86,21.46
9/10/2019,21.95,22.55,20.95,21.78
9/11/2019,21.78,21.96,20.03,20.21
9/12/2019,19.75,20.28,18.46,19.26
9/13/2019,19.72,20.1,18.58,19.01
9/16/2019,17.94,20.25,17.94,19.89
9/17/2019,20.07,20.58,19.4,19.4
9/18/2019,20.12,21.1,18.64,18.64
9/19/2019,19.98,19.99,18.36,18.89
9/20/2019,19.23,20.13,18.51,19.36
9/23/2019,19.72,21.54,19.72,21.18
9/24/2019,21.62,24.86,20.94,24.3
9/25/2019,24.84,25.6,22.53,23.27
9/26/2019,23.48,24.16,23.12,23.45
9/27/2019,23.63,25.98,22.45,24.57
9/30/2019,25.78,26.47,25.06,25.19
10/1/2019,25.42,27.95,23.72,27.27
10/2/2019,26.96,30.9,26.96,29.93
10/3/2019,29.79,31.77,28.4,29.08
10/4/2019,28.65,29.06,26.74,26.74
10/7/2019,28.27,28.7,26,27.13
10/8/2019,28.12,30.15,28.06,29.76
10/9/2019,29.41,30.09,27.31,28.06
10/10/2019,28.99,29.34,26.61,28.18
10/11/2019,27.52,27.66,24.38,26.53
10/14/2019,28,28.26,26.29,27
10/15/2019,26.66,26.97,25.64,26.05
10/16/2019,26.08,26.57,24.97,26.02
10/17/2019,25.66,26.26,23.79,25.14
10/18/2019,24.78,26.76,24.73,25.81
10/21/2019,25.93,27.16,25.2,26.28
10/22/2019,26.14,26.73,25.43,25.93
10/23/2019,26.46,26.87,25.68,26.06
10/24/2019,26.24,26.91,25.62,25.96
10/25/2019,24.8,26.73,24.76,25.27
10/28/2019,26.19,29.93,25.28,29.29
10/29/2019,19.63,20.57,18.3,18.37
10/30/2019,18.53,18.69,17.23,17.98
10/31/2019,18.03,18.62,17.5,17.94
11/1/2019,17.51,18.66,16.35,17.32
11/4/2019,17.83,17.96,17.48,17.75
11/5/2019,17.89,17.92,17.22,17.6
11/6/2019,17.77,18.03,16.28,17.44
11/7/2019,18.08,18.18,17.13,17.79
11/8/2019,17.8,18.2,17.4,17.67
11/11/2019,17.56,18.26,16.9,16.98
11/12/2019,16.86,17.33,16.12,16.92
11/13/2019,17.18,17.84,16.61,17.2
11/14/2019,16.68,17.74,16.68,17.3
11/15/2019,16.46,17.19,15.78,16.17
11/18/2019,17.18,18.12,16.96,17.2
11/19/2019,17.18,17.82,16.84,17.28
11/20/2019,17.64,20.51,17.42,18.93
11/21/2019,18.66,20.16,18.55,18.79
11/22/2019,18.67,19.88,18.2,18.27
11/25/2019,18.7,19.04,17.43,17.43
11/26/2019,17.16,18.03,16.77,16.77
11/27/2019,16.95,17.65,16.56,17.22
11/29/2019,17.45,18.21,17.13,17.31
12/2/2019,18.2,20.92,17.8,18.86
12/3/2019,20.92,21.39,19.73,19.9
12/4/2019,19.89,20.6,19.19,19.42
12/5/2019,19.47,19.62,18.11,18.8
12/6/2019,18.27,18.43,17.61,17.62
12/9/2019,18.6,18.61,17.77,18.4
12/10/2019,18.37,18.67,17.48,18.49
12/11/2019,18.11,18.78,18.03,18.24
12/12/2019,18.35,19.02,17.48,18.61
12/13/2019,17.18,19.17,16.45,16.7
12/16/2019,15.91,16.25,13.62,14.11
12/17/2019,14.87,15.6,13.49,14.83
12/18/2019,15.13,15.64,14.96,15.2
12/19/2019,15.41,16.37,14.81,15.85
12/20/2019,15.36,17.13,15.02,15.59
12/23/2019,16.83,17.69,16.76,16.86
12/24/2019,17.4,18,16.92,17.85
12/26/2019,18.23,19.36,17.94,19.09
12/27/2019,19.08,20.77,18.88,20.03
12/30/2019,21.01,21.97,20.54,20.7
12/31/2019,21.07,21.55,20.47,20.8
1/2/2020,21.12,21.57,20.82,20.9
1/3/2020,22.1,22.3,20.62,20.76
1/6/2020,22.21,23.57,21.93,23.15
1/7/2020,22.78,23.68,22.38,22.57
1/8/2020,22.81,22.81,21.34,22
1/9/2020,22.17,22.47,21.02,21.18
1/10/2020,21.14,21.8,20.79,21.65
1/13/2020,21.46,23.69,21.46,22.98
1/14/2020,22.96,23.22,21.96,22.19
1/15/2020,21.27,23.39,21.27,22.7
1/16/2020,22.65,23.4,21.97,21.97
1/17/2020,22.22,23.89,21.47,23.12
1/21/2020,24.1,27.42,23.71,25.98
1/22/2020,25.04,26.59,24.82,25.5
1/23/2020,25.21,27.81,24.67,27.74
1/24/2020,26.52,28.2,26.5,27.62
1/27/2020,29.43,30.25,28.15,28.87
1/28/2020,27.98,28.21,26.26,26.91
1/29/2020,26.54,27.27,25.51,26.02
1/30/2020,26.91,27.95,26.29,26.53
1/31/2020,26.58,33.26,26.58,32.47
2/3/2020,31.28,33.75,31.07,33.17
2/4/2020,23.11,23.5,20.92,22
2/5/2020,19.99,23.23,19.99,22.95
2/6/2020,22.03,22.64,20.48,20.77
2/7/2020,20.31,21.9,20.31,21.4
2/10/2020,22.31,22.88,22.1,22.48
2/11/2020,22.44,23.49,21.64,22.78
2/12/2020,21.56,22.54,20.22,20.53
2/13/2020,19.52,21.25,19.52,20.31
2/14/2020,19.91,20.48,18.58,18.92
2/18/2020,19.37,20.99,19.3,20.39
2/19/2020,19.97,20.37,19.07,19.4
2/20/2020,18.28,21.47,18.24,20.66
2/21/2020,20.83,24.44,20.8,23.8
2/24/2020,22.76,30,22.76,28.74
2/25/2020,26.47,34.46,26.47,33.51
2/26/2020,32.55,32.63,28.88,32.11
2/27/2020,34.82,41.72,33.64,41.72
2/28/2020,45.45,50.65,44.9,48.4
3/2/2020,43.32,45.55,34.59,34.77
3/3/2020,34,41.82,30.81,40.77
3/4/2020,35.44,38.27,33.05,33.15
3/5/2020,37.06,47.38,36.01,45.35
3/6/2020,50.5,54.65,48.47,48.75
3/9/2020,59.81,62.1,53.42,57.73
3/10/2020,51.41,53.67,45.13,45.13
3/11/2020,49,55.38,48.39,53.33
3/12/2020,61.22,66.9,59.61,66.9
3/13/2020,63.63,69.88,50.59,50.59
3/16/2020,50.65,78.08,50.65,78.07
3/17/2020,75.88,81.9,70.44,71.37
3/18/2020,71.38,86.39,71.38,77.68
3/19/2020,79.34,80.75,64.23,67.52
3/20/2020,67.49,68.04,59.33,64.65
3/23/2020,66.59,71.02,58.47,59.14
3/24/2020,51.1,57.25,46.51,53.7
3/25/2020,55.27,59.58,54.36,59.58
3/26/2020,56.54,57.44,51.44,51.44
3/27/2020,56.79,59.54,55.35,58.21
3/30/2020,56.21,57.95,53.01,53.01
3/31/2020,51.58,53.06,48.44,49.13
4/1/2020,52.83,56.21,51.82,55.02
4/2/2020,54.78,55.03,50.92,52.14
4/3/2020,52.4,52.78,49.24,49.55
4/6/2020,46.44,48.21,41.64,42.02
4/7/2020,41.35,44.38,30.62,43.58
4/8/2020,41.75,42.53,40.24,41.51
4/9/2020,39.7,42.01,39.45,39.83
4/13/2020,42.15,44.16,41.99,42.22
4/14/2020,42.23,42.23,39.64,40.56
4/15/2020,41.43,43.6,41.15,43.45
4/16/2020,42.03,47.21,41.09,44.71
4/17/2020,43.83,44.15,41.96,42.39
4/20/2020,42.11,44.79,42.11,44.17
4/21/2020,45.87,49.54,45.31,47.98
4/22/2020,45.95,46.22,43.67,45.07
4/23/2020,44.55,44.84,41.21,43.12
4/24/2020,42.89,44.05,38.55,40.46
4/27/2020,39.69,40.97,36.29,36.29
4/28/2020,38.5,38.5,35.94,36.55
4/29/2020,32.09,32.26,27.7,28.97
4/30/2020,29.38,31.38,28.77,28.77
5/1/2020,32.57,34.05,31.85,33.61
5/4/2020,34.5,35.29,31.98,31.98
5/5/2020,30.77,31.29,29.88,31.14
5/6/2020,29.23,31.34,29,31.16
5/7/2020,29.45,30.61,29.26,30.29
5/8/2020,28.38,29.47,26.5,26.68
5/11/2020,28.53,29.64,27.33,28.19
5/12/2020,30.49,30.49,27.06,29.47
5/13/2020,28.93,35.52,28.86,33.77
5/14/2020,35.38,37.87,31.85,33.78
5/15/2020,35.24,35.41,28.9,30.41
5/18/2020,30.53,32.49,27.87,29.12
5/19/2020,28.87,30.24,28.6,30.03
5/20/2020,29.32,29.32,27.71,28.5
5/21/2020,28.5,30.26,27.45,29.49
5/22/2020,29.62,30.17,28.07,28.82
5/26/2020,28.98,29.28,26.37,27.23
5/27/2020,27.19,29.82,27.19,29.25
5/28/2020,25.76,30.06,25.76,28.06
5/29/2020,30.21,30.56,26.86,28.3
6/1/2020,26.82,30.45,26.82,29.24
6/2/2020,28.82,29.64,27.48,28.23
6/3/2020,28.05,28.66,26.28,27.63
6/4/2020,27.07,28.59,26.99,28.21
6/5/2020,27.78,28.15,25.72,26.24
6/8/2020,27.21,28.03,25.79,27.43
6/9/2020,27.31,29.59,26.64,29.35
6/10/2020,29.31,30.1,27.28,29.09
6/11/2020,32.06,37.55,29.78,37.48
6/12/2020,36.63,40.18,33.7,35.02
6/15/2020,39.48,39.48,32.05,32.81
6/16/2020,30.86,32.18,28.61,31.77
6/17/2020,31.44,33.26,30.27,32.02
6/18/2020,31.72,33.5,31.26,31.5
6/19/2020,30.38,32.45,29.52,31.87
6/22/2020,32.76,33.05,29.99,31.28
6/23/2020,30.71,31.54,29.97,30.77
6/24/2020,31.37,34.96,31.22,34.07
6/25/2020,34.33,35.46,31.29,32.3
6/26/2020,33.79,39.25,32.89,37.49
6/29/2020,40.6,40.6,34.67,34.86
6/30/2020,37,37,32.21,32.4
7/1/2020,33.53,34.3,31.16,31.75
7/2/2020,30.95,31.79,29.52,29.52
7/6/2020,31.21,33.05,31.21,32.55
7/7/2020,33.26,34.49,31.97,33.87
7/8/2020,33.46,35.26,33.39,35.09
7/9/2020,35.66,37.71,34.13,35.98
7/10/2020,37.43,38.73,36.85,38.03
7/13/2020,41.65,45.35,41.04,44.37
7/14/2020,44.69,45.35,43.08,43.08
7/15/2020,43.31,44.71,42.48,43.54
7/16/2020,44.52,44.62,41.29,42.06
7/17/2020,41.32,42.15,36.5,38.18
7/20/2020,38.12,38.92,36.92,38.05
7/21/2020,37.78,39.18,36.88,37.89
7/22/2020,37.67,38.02,36,36.21
7/23/2020,36.19,37.8,36.1,36.52
7/24/2020,38.39,39.41,36.75,36.75
7/27/2020,37.46,37.77,36.37,36.56
7/28/2020,36.7,37.27,35.39,35.85
7/29/2020,35.7,36.12,34,34.86
7/30/2020,35.29,36.86,32.35,32.35
7/31/2020,28.08,29.95,28.07,28.44
8/3/2020,29.25,31.32,28.21,30.77
8/4/2020,30.26,31.61,27.81,28.23
8/5/2020,27.94,28.91,26.9,26.9
8/6/2020,27.64,28.2,26.2,27.12
8/7/2020,26.75,29.74,26.73,28.66
8/10/2020,30.48,30.48,28.4,29.07
8/11/2020,29.08,30.47,28.28,30.13
8/12/2020,28.94,29.27,27,28.1
8/13/2020,27.46,29.2,26.91,29.13
8/14/2020,27.97,29.54,26.6,27.35
8/17/2020,27.66,28.41,26.43,27.46
8/18/2020,27.16,28.11,26.11,27.21
8/19/2020,27.26,29.51,26.54,27.95
8/20/2020,28.7,29.74,27.72,28.25
8/21/2020,28.33,30.81,27.98,29.7
8/24/2020,30.12,32.96,30.07,31.4
8/25/2020,31.77,32.59,30.27,30.96
8/26/2020,31.58,35.73,30.92,35.73
8/27/2020,34.3,39.08,34.3,36.56
8/28/2020,36.95,37.57,36.06,36.83
8/31/2020,37.6,38.54,35.3,36.94
9/1/2020,36.51,37.6,35.87,37.15
9/2/2020,36.78,39.72,36.07,38.52
9/3/2020,37.94,50.79,37.88,48.62
9/4/2020,49.55,52.5,45.49,45.49
9/8/2020,51.09,51.58,41.57,42.78
9/9/2020,41.35,42.04,37.28,38.6
9/10/2020,37.58,38.63,36.77,36.77
9/11/2020,36.76,37.43,33.67,34.62
9/14/2020,33.72,34.57,32.39,33.85
9/15/2020,33.56,33.56,31.68,32.66
9/16/2020,32.56,34.09,32.33,33.81
9/17/2020,35.23,37,34.78,35.82
9/18/2020,35.22,37.44,33.77,35.17
9/21/2020,38.34,39.83,37.14,37.93
9/22/2020,37.19,37.61,36.17,36.95
9/23/2020,37.91,39.76,37.56,39.74
9/24/2020,40.06,40.67,38.23,39.65
9/25/2020,39.64,40.11,38.1,39.09
9/28/2020,39.72,40.49,37.95,39.04
9/29/2020,39.07,39.33,37.74,38.75
9/30/2020,39.02,39.24,36.62,37.33
10/1/2020,36.74,40.43,36.21,38.62
10/2/2020,40.33,40.68,38.48,39.06
10/5/2020,40.28,40.63,38.6,39.09
10/6/2020,39.18,40.28,37.45,39.67
10/7/2020,39.39,39.97,38.25,38.5
10/8/2020,38.12,39.65,37.46,39.14
10/9/2020,38.3,38.99,36.59,37.45
10/12/2020,39.64,40.37,37.47,38.56
10/13/2020,37.96,39.41,37.56,38.57
10/14/2020,38.74,39.34,37.42,39.14
10/15/2020,39.79,40.32,38.65,39.63
10/16/2020,39.12,39.65,37.39,38.6
10/19/2020,39.39,39.7,37.68,39.64
10/20/2020,39.64,40.59,38.6,40.48
10/21/2020,39.76,40.8,39.38,40.73
10/22/2020,40.42,40.89,39.93,40.37
10/23/2020,40.33,40.99,39.25,39.91
10/26/2020,41.06,43.14,40.47,42.59
10/27/2020,42.08,42.88,41.47,42.06
10/28/2020,42.59,48.38,42.59,46.98
10/29/2020,45.95,46.48,43.94,43.94
10/30/2020,38.66,43.21,38.31,41.39
11/2/2020,42.02,42.04,38.16,38.74
11/3/2020,38.13,38.92,36.26,38.21
11/4/2020,33.59,34.18,31.79,32.93
11/5/2020,31.14,34.24,30.52,32.93
11/6/2020,33.1,33.23,29.11,30.16
11/9/2020,29.45,30.88,26.98,28.63
11/10/2020,29.5,32.06,28.28,30.33
11/11/2020,29.7,30.44,28.59,29.98
11/12/2020,28.69,31.13,28.49,30.98
11/13/2020,30.24,30.6,27.91,29.74
11/16/2020,29.22,30.28,26.11,27.02
11/17/2020,26.4,28.17,25.9,26.02
11/18/2020,25.99,27.84,25.12,25.64
11/19/2020,26.36,29.03,25.5,28.23
11/20/2020,26.89,28.99,26.69,28.71
11/23/2020,28.98,29.65,27.01,28.23
11/24/2020,27.56,28.52,26.75,27.23
11/25/2020,27.03,28.68,26.52,27.79
11/27/2020,27.55,28.36,26.49,27.91
11/30/2020,28.03,29.56,27.67,27.85
12/1/2020,28.69,30.05,27.6,30.05
12/2/2020,29.19,31,28.53,30.36
12/3/2020,30.45,30.77,28.38,29.01
12/4/2020,29.07,29.98,27.66,28.8
12/7/2020,29.95,30.3,28.15,29.09
12/8/2020,29.09,29.15,27.61,28.29
12/9/2020,28.11,30.49,27.28,29.68
12/10/2020,30.44,31.19,28.76,29.45
12/11/2020,29.87,30.81,28.6,29.57
12/14/2020,28.74,29.95,27.77,29.07
12/15/2020,28.45,29.15,28.25,28.74
12/16/2020,28.67,30.69,27.94,29.32
12/17/2020,29.2,30.19,27.88,30.19
12/18/2020,29.69,32.08,29.35,30.57
12/21/2020,33.74,34.68,31.32,31.7
12/22/2020,31.69,32.76,30.75,31.62
12/23/2020,31.15,31.65,29.84,30.14
12/24/2020,30.67,30.67,29.81,29.93
12/28/2020,31.7,32.22,30.69,32.15
12/29/2020,32.1,32.33,30.54,32.1
12/30/2020,32.26,32.99,31.57,32.85
12/31/2020,32.89,33.48,31.86,33.09
1/4/2021,34.96,37.32,33.74,36.35
1/5/2021,36.56,37.1,33.37,34.74
1/6/2021,35.12,35.58,32.13,32.13
1/7/2021,33.31,33.69,31.71,32.51
1/8/2021,32.89,33.99,31.81,33.16
1/11/2021,35.19,39.26,32.66,36.79
1/12/2021,37.09,40.43,35.94,37.44
1/13/2021,37.72,39.52,33.43,35.36
1/14/2021,34.66,36.6,33.93,35.92
1/15/2021,34.48,36.73,32.7,34.18
1/19/2021,32.6,35.23,31.87,34.16
1/20/2021,34.31,37.33,33.12,36.05
1/21/2021,35.09,38.98,34.69,35.95
1/22/2021,36,36.95,34.12,35.16
1/25/2021,36.75,38.19,35.22,37.36
1/26/2021,37.29,38.8,36.25,37.59
1/27/2021,38.82,45.25,37.9,45.24
1/28/2021,41.12,43.03,37.66,38.99
1/29/2021,39.65,43.43,38.76,41.29
2/1/2021,41.08,41.15,37.48,38.21
2/2/2021,38.28,38.65,33.91,35.3
2/3/2021,28.85,32.36,26.69,31.17
2/4/2021,30.35,31.07,28.13,29.16
2/5/2021,28.81,30.46,25.77,27.38
2/8/2021,28.91,29.62,26.51,27.6
2/9/2021,27.85,29.29,26.8,27.76
2/10/2021,29.18,30.24,27.16,27.7
2/11/2021,26.81,29.04,26.29,27.3
2/12/2021,27.23,29.27,25.64,28.21
2/16/2021,29.43,30.77,28.35,29.42
